,title,protagonists
0,1,"Michelle Yeoh
Stephanie Hsu
Ke Huy Quan
Jenny Slate
Harry Shum Jr.
James Hong
Jamie Lee Curtis"
1,2,"Felix Kammerer
Albrecht Schuch
Daniel Brühl"
2,3,"Brendan Fraser
Sadie Sink
Hong Chau
Ty Simpkins
Samantha Morton"
3,4,"Tom Cruise
Miles Teller
Jennifer Connelly
Jon Hamm
Glen Powell
Lewis Pullman
Ed Harris
Val Kilmer"
4,5,"Letitia Wright
Lupita Nyong'o
Danai Gurira
Winston Duke
Florence Kasumba
Dominique Thorne
Michaela Coel
Mabel Cadena
Tenoch Huerta Mejía
Martin Freeman
Julia Louis-Dreyfus
Angela Bassett"
5,6,"Sam Worthington
Zoe Saldaña
Sigourney Weaver
Stephen Lang
Kate Winslet"
6,7,"Rooney Mara
Claire Foy
Jessie Buckley
Judith Ivey
Ben Whishaw
Frances McDormand"
7,8,"Ewan McGregor
David Bradley
Gregory Mann
Burn Gorman
Ron Perlman
John Turturro
Finn Wolfhard
Cate Blanchett
Tim Blake Nelson
Christoph Waltz
Tilda Swinton"
8,9,"Alexei Navalny
Yulia Navalnaya
Maria Pevchikh
Christo Grozev
Leonid Volkov"
9,10,Sin datos
10,11,"James Martin
Seamus O'Hara
Paddy Jenkins
Michelle Fairley"
11,12,"Jude Coward Nicoll
Gabriel Byrne
Idris Elba
Tom Hollander"
12,13,"N. T. Rama Rao Jr.
Ram Charan
Ajay Devgn
Alia Bhatt
Shriya Saran
Samuthirakani
Ray Stevenson
Alison Doody
Olivia Morris"
13,14,"Emilia Jones
Eugenio Derbez
Troy Kotsur
Ferdia Walsh-Peelo
Daniel Durant
Marlee Matlin"
14,15,"Timothée Chalamet
Rebecca Ferguson
Oscar Isaac
Josh Brolin
Stellan Skarsgård
Dave Bautista
Stephen McKinley Henderson
Zendaya
David Dastmalchian
Chang Chen
Sharon Duncan-Brewster
Charlotte Rampling
Jason Momoa
Javier Bardem"
15,16,"Jessica Chastain
Andrew Garfield
Cherry Jones
Vincent D'Onofrio"
16,17,"Daniel Craig
Rami Malek
Léa Seydoux
Lashana Lynch
Ben Whishaw
Naomie Harris
Jeffrey Wright
Christoph Waltz
Ralph Fiennes"
17,18,Sin datos
18,19,Sin datos
19,20,Lusia Harris
20,21,Sin datos
21,22,"Hidetoshi Nishijima
Tōko Miura
Reika Kirishima
Park Yu-rim
Jin Dae-yeon
Sonia Yuan
Ahn Hwitae
Perry Dizon
Satoko Abe
Masaki Okada"
22,23,"Stephanie Beatriz
María Cecilia Botero
John Leguizamo
Mauro Castillo
Jessica Darrow
Angie Cepeda
Carolina Gaitán
Diane Guerrero
Wilmer Valderrama"
23,24,"Ansel Elgort
Ariana DeBose
David Alvarez
Mike Faist
Rita Moreno
Rachel Zegler"
24,25,"Caitríona Balfe
Judi Dench
Jamie Dornan
Ciarán Hinds
Colin Morgan
Josie Walker
Jude Hill"
25,26,"Benedict Cumberbatch
Kirsten Dunst
Jesse Plemons
Kodi Smit-McPhee
Thomasin McKenzie
Genevieve Lemon
Keith Carradine
Frances Conroy"
26,27,"Will Smith
Aunjanue Ellis
Saniyya Sidney
Demi Singleton
Tony Goldwyn
Jon Bernthal"
27,28,"Emma Stone
Emma Thompson
Joel Fry
Paul Walter Hauser
Emily Beecham
Kirby Howell-Baptiste
Mark Strong"
28,29,"Frances McDormand
David Strathairn
Linda May
Swankie"
29,30,"Anthony Hopkins
Olivia Colman
Mark Gatiss
Imogen Poots
Rufus Sewell
Olivia Williams"
30,31,"Daniel Kaluuya
LaKeith Stanfield
Jesse Plemons
Dominique Fishback
Ashton Sanders
Martin Sheen"
31,32,"Steven Yeun
Han Ye-ri
Alan Kim
Noel Kate Cho
Youn Yuh-jung
Will Patton"
32,33,"Gary Oldman
Amanda Seyfried
Lily Collins
Arliss Howard
Tom Pelphrey
Charles Dance
Tom Burke"
33,34,"Riz Ahmed
Olivia Cooke
Paul Raci
Lauren Ridloff
Mathieu Amalric"
34,35,"Viola Davis
Chadwick Boseman
Glynn Turman
Colman Domingo
Michael Potts"
35,36,"Carey Mulligan
Bo Burnham
Alison Brie
Clancy Brown
Chris Lowell
Jennifer Coolidge
Laverne Cox
Connie Britton
Molly Shannon"
36,37,"John David Washington
Robert Pattinson
Elizabeth Debicki
Dimple Kapadia
Michael Caine
Kenneth Branagh"
37,38,"Jamie Foxx
Tina Fey
Graham Norton
Rachel House
Alice Braga
Richard Ayoade
Phylicia Rashad
Donnell Rawlings
Questlove
Angela Bassett"
38,39,"Mads Mikkelsen
Thomas Bo Larsen
Magnus Millang
Lars Ranthe"
39,40,"Craig Foster
Tom Foster"
40,41,Colette Marin-Catherine
41,42,Sin datos
42,43,"Joey Badass
Andrew Howard"
43,44,"Song Kang-ho
Lee Sun-kyun
Cho Yeo-jeong
Choi Woo-shik
Park So-dam
Jang Hye-jin"
44,45,"Matt Damon
Christian Bale
Jon Bernthal
Caitríona Balfe
Tracy Letts
Josh Lucas"
45,46,Sin datos
46,47,Maria DizziaGreg KellerJuliana Canfield
47,48,"Saoirse Ronan
Emma Watson
Florence Pugh
Eliza Scanlen
Laura Dern
Timothée Chalamet
Meryl Streep
Tracy Letts
Bob Odenkirk
James Norton
Louis Garrel
Chris Cooper"
48,49,"Scarlett Johansson
Adam Driver
Laura Dern
Alan Alda
Ray Liotta
Julie Hagerty
Merritt Wever"
49,50,"Roman Griffin Davis
Thomasin McKenzie
Taika Waititi
Rebel Wilson
Stephen Merchant
Alfie Allen
Sam Rockwell
Scarlett Johansson"
50,51,"Tom Hanks
Tim Allen
Annie Potts
Tony Hale
Keegan-Michael Key
Jordan Peele
Madeleine McGraw
Christina Hendricks
Keanu Reeves
Ally Maki
Jay Hernandez
Lori Alan
Joan Cusack"
51,52,"Joaquin Phoenix
Robert De Niro
Zazie Beetz
Frances Conroy"
52,53,"Leonardo DiCaprio
Brad Pitt
Margot Robbie
Emile Hirsch
Margaret Qualley
Timothy Olyphant
Austin Butler
Dakota Fanning
Bruce Dern
Al Pacino"
53,54,"George MacKay
Dean-Charles Chapman
Mark Strong
Andrew Scott
Richard Madden
Colin Firth
Benedict Cumberbatch"
54,55,"Renée Zellweger
Finn Wittrock
Jessie Buckley
Rufus Sewell
Michael Gambon"
55,56,"Charlize Theron
Nicole Kidman
John Lithgow
Kate McKinnon
Connie Britton
Malcolm McDowell
Allison Janney
Margot Robbie"
56,57,"Taron Egerton
Jamie Bell
Richard Madden
Bryce Dallas Howard"
57,58,Sin datos
58,59,Issa Rae
59,60,"Viggo Mortensen
Mahershala Ali
Linda Cardellini"
60,61,"Rami Malek
Lucy Boynton
Gwilym Lee
Ben Hardy
Joe Mazzello
Aidan Gillen
Tom Hollander
Mike Myers"
61,62,"Yalitza Aparicio
Marina de Tavira
Jorge Antonio Guerrero"
62,63,"Chadwick Boseman
Michael B. Jordan
Lupita Nyong'o
Danai Gurira
Martin Freeman
Daniel Kaluuya
Letitia Wright
Winston Duke
Sterling K. Brown
Angela Bassett
Forest Whitaker
Andy Serkis"
63,64,"Olivia Colman
Emma Stone
Rachel Weisz"
64,65,"Bradley Cooper
Lady Gaga
Andrew Dice Clay
Dave Chappelle
Sam Elliott"
65,66,"Christian Bale
Amy Adams
Steve Carell
Tyler Perry
Alison Pill
Lily Rabe
Jesse Plemons
Sam Rockwell"
66,67,"John David Washington
Adam Driver
Laura Harrier
Topher Grace"
67,68,"Ryan Gosling
Claire Foy
Jason Clarke
Kyle Chandler
Corey Stoll
Christopher Abbott
Ciarán Hinds"
68,69,"KiKi Layne
Stephan James
Colman Domingo
Teyonah Parris
Michael Beach
Dave Franco
Diego Luna
Pedro Pascal
Ed Skrein
Brian Tyree Henry
Regina King"
69,70,Sin datos
70,71,Alex HonnoldSanni McCandlessJimmy ChinTommy Caldwell
71,72,Arunachalam Muruganantham
72,73,Danielle MacdonaldJackson Robert ScottJonathan TuckerAshley ThomasLonnie Chavis
73,74,"Shameik Moore
Jake Johnson
Hailee Steinfeld
Mahershala Ali
Brian Tyree Henry
Lily Tomlin
Luna Lauren Vélez
John Mulaney
Kimiko Glenn
Nicolas Cage
Liev Schreiber"
74,75,"Sally Hawkins
Michael Shannon
Richard Jenkins
Doug Jones
Michael Stuhlbarg
Octavia Spencer"
75,76,"Fionn Whitehead
Tom Glynn-Carney
Jack Lowden
Harry Styles
Aneurin Barnard
James D'Arcy
Barry Keoghan
Kenneth Branagh
Cillian Murphy
Mark Rylance
Tom Hardy"
76,77,"Frances McDormand
Woody Harrelson
Sam Rockwell
John Hawkes
Peter Dinklage"
77,78,"Gary Oldman
Kristin Scott Thomas
Lily James
Stephen Dillane
Ronald Pickup
Ben Mendelsohn"
78,79,"Ryan Gosling
Harrison Ford
Ana de Armas
Sylvia Hoeks
Robin Wright
Mackenzie Davis
Carla Juri
Lennie James
Dave Bautista
Jared Leto"
79,80,"Anthony Gonzalez
Gael García Bernal
Benjamin Bratt
Alanna Ubach
Renée Victor
Ana Ofelia Murguía
Edward James Olmos"
80,81,"Daniel Day-Lewis
Lesley Manville
Vicky Krieps"
81,82,"Armie Hammer
Timothée Chalamet
Michael Stuhlbarg
Amira Casar
Esther Garrel
Victoire Du Bois"
82,83,"Daniel Kaluuya
Allison Williams
Bradley Whitford
Caleb Landry Jones
Stephen Root
Catherine Keener"
83,84,"Margot Robbie
Sebastian Stan
Julianne Nicholson
Bobby Cannavale
Allison Janney"
84,85,Sin datos
85,86,"Daniela Vega
Francisco Reyes"
86,87,Mindy Alper
87,88,Sin datos
88,89,"Rachel Shenton
Maisie Sly
Rachel Fielding
Philip York"
89,90,Sin datos
90,91,"Trevante Rhodes
André Holland
Janelle Monáe
Ashton Sanders
Jharrel Jerome
Naomie Harris
Mahershala Ali"
91,92,"Ryan Gosling
Emma Stone
John Legend
Rosemarie DeWitt
Finn Wittrock
J. K. Simmons"
92,93,"Andrew Garfield
Sam Worthington
Luke Bracey
Teresa Palmer
Hugo Weaving
Rachel Griffiths
Vince Vaughn"
93,94,"Casey Affleck
Michelle Williams
Kyle Chandler
Lucas Hedges"
94,95,"Amy Adams
Jeremy Renner
Forest Whitaker
Michael Stuhlbarg
Tzi Ma"
95,96,"Denzel Washington
Viola Davis
Stephen McKinley Henderson
Jovan Adepo
Russell Hornsby
Mykelti Williamson
Saniyya Sidney"
96,97,"Eddie Redmayne
Katherine Waterston
Dan Fogler
Alison Sudol
Ezra Miller
Samantha Morton
Jon Voight
Carmen Ejogo
Ron Perlman
Colin Farrell
Johnny Depp"
97,98,"Neel Sethi
Bill Murray
Ben Kingsley
Idris Elba
Lupita Nyong'o
Scarlett Johansson
Giancarlo Esposito
Christopher Walken"
98,99,Sin datos
99,100,Sin datos
100,101,Shahab HosseiniTaraneh Alidoosti
101,102,"Dorka Gáspárfalvi
Dorottya Hais
Zsófia Szamosi"
102,103,"Will Smith
Jared Leto
Margot Robbie
Joel Kinnaman
Viola Davis
Jai Courtney
Jay Hernandez
Adewale Akinnuoye-Agbaje
Ike Barinholtz
Scott Eastwood
Cara Delevingne"
103,104,Sin datos
104,105,"Ginnifer Goodwin
Jason Bateman
Idris Elba
Jenny Slate
Nate Torrence
Bonnie Hunt
Don Lake
Tommy Chong
J. K. Simmons
Octavia Spencer
Alan Tudyk
Shakira"
105,106,"Mark Ruffalo
Michael Keaton
Rachel McAdams
Liev Schreiber
John Slattery
Stanley Tucci"
106,107,"Tom Hardy
Charlize Theron
Nicholas Hoult
Hugh Keays-Byrne
Rosie Huntington-Whiteley
Riley Keough
Zoë Kravitz
Abbey Lee
Courtney Eaton"
107,108,"Leonardo DiCaprio
Tom Hardy
Domhnall Gleeson
Will Poulter"
108,109,"Tom Hanks
Mark Rylance
Amy Ryan
Alan Alda"
109,110,"Christian Bale
Steve Carell
Ryan Gosling
Brad Pitt"
110,111,"Eddie Redmayne
Alicia Vikander
Ben Whishaw
Sebastian Koch
Amber Heard
Matthias Schoenaerts"
111,112,"Brie Larson
Jacob Tremblay
Joan Allen
Sean Bridgers
Tom McCamus
William H. Macy"
112,113,"Samuel L. Jackson
Kurt Russell
Jennifer Jason Leigh
Walton Goggins
Demián Bichir
Tim Roth
Michael Madsen
Bruce Dern
James Parks
Channing Tatum"
113,114,"Domhnall Gleeson
Oscar Isaac
Alicia Vikander
Sonoya Mizuno
Gana Bayarsaikhan
Corey Johnson"
114,115,"Amy Poehler
Phyllis Smith
Richard Kind
Bill Hader
Lewis Black
Mindy Kaling
Kaitlyn Dias
Diane Lane
Kyle MacLachlan"
115,116,Amy Winehouse
116,117,Sin datos
117,118,Sin datos
118,119,Géza RöhrigLevente MolnárUrs Rechn
119,120,"Daniel Craig
Christoph Waltz
Léa Seydoux
Ben Whishaw
Naomie Harris
Dave Bautista
Monica Bellucci
Ralph Fiennes"
120,121,Matthew NeedhamEric RichardChloe Pirrie
121,122,"Michael Keaton
Zach Galifianakis
Edward Norton
Andrea Riseborough
Amy Ryan
Emma Stone
Naomi Watts"
122,123,"Ralph Fiennes
F. Murray Abraham
Mathieu Amalric
Adrien Brody
Willem Dafoe
Jeff Goldblum
Harvey Keitel
Jude Law
Bill Murray
Edward Norton
Saoirse Ronan
Jason Schwartzman
Léa Seydoux
Tilda Swinton
Tom Wilkinson
Owen Wilson
Tony Revolori"
123,124,"Miles Teller
J. K. Simmons
Paul Reiser"
124,125,"Benedict Cumberbatch
Keira Knightley
Matthew Goode
Rory Kinnear
Charles Dance
Mark Strong"
125,126,"Bradley Cooper
Sienna Miller
Luke Grimes
Jake McDorman
Cory Hardrict
Kevin Lacz
Navid Negahban
Keir O'Donnell"
126,127,"Patricia Arquette
Ellar Coltrane
Lorelei Linklater
Ethan Hawke"
127,128,"Matthew McConaughey
Anne Hathaway
Jessica Chastain
Bill Irwin
Ellen Burstyn
Michael Caine"
128,129,"Eddie Redmayne
Felicity Jones
Charlie Cox
Emily Watson
Simon McBurney
David Thewlis
Maxine Peake"
129,130,"Agata Kulesza
Agata Trzebuchowska
Dawid Ogrodnik"
130,131,"David Oyelowo
Carmen Ejogo
Tom Wilkinson
Giovanni Ribisi
Alessandro Nivola
Cuba Gooding Jr.
Tim Roth
Oprah Winfrey"
131,132,"Edward Snowden
Glenn Greenwald
William Binney
Jacob Appelbaum
Ewen MacAskill"
132,133,"Scott Adsit
Ryan Potter
Daniel Henney
T.J. Miller
Jamie Chung
Damon Wayans Jr.
Genesis Rodriguez
James Cromwell
Maya Rudolph
Alan Tudyk"
133,134,Sin datos
134,135,Sally Hawkins
135,136,"Julianne Moore
Alec Baldwin
Kristen Stewart
Kate Bosworth
Hunter Parrish"
136,137,"Tommy Snider
Katie Lowes"
137,138,"Chiwetel Ejiofor
Michael Fassbender
Benedict Cumberbatch
Paul Dano
Garret Dillahunt
Paul Giamatti
Scoot McNairy
Lupita Nyong'o
Adepero Oduye
Sarah Paulson
Brad Pitt
Michael Kenneth Williams
Alfre Woodard"
138,139,Sandra BullockGeorge Clooney
139,140,"Matthew McConaughey
Jennifer Garner
Jared Leto"
140,141,"Kristen Bell
Idina Menzel
Jonathan Groff
Josh Gad
Santino Fontana"
141,142,"Leonardo DiCaprio
Tobey Maguire
Carey Mulligan
Joel Edgerton
Isla Fisher
Jason Clarke"
142,143,"Joaquin Phoenix
Amy Adams
Rooney Mara
Olivia Wilde
Scarlett Johansson"
143,144,"Cate Blanchett
Sally Hawkins
Alec Baldwin
Peter Sarsgaard
Louis C.K.
Andrew Dice Clay
Bobby Cannavale
Michael Stuhlbarg"
144,145,Sin datos
145,146,Alice Herz-Sommer
146,147,Casper CrumpPelle Falk Krusbæk Marijana Jankovic
147,148,Toni ServilloCarlo VerdoneSabrina Ferilli
148,149,Darlene LoveJudith HillMerry ClaytonLisa FischerTata VegaJo Lawry
149,150,"Ben Affleck
Bryan Cranston
Alan Arkin
John Goodman"
150,151,"Suraj Sharma
Irrfan Khan
Rafe Spall
Tabu
Adil Hussain
Gérard Depardieu"
151,152,"Hugh Jackman
Russell Crowe
Anne Hathaway
Amanda Seyfried
Eddie Redmayne
Helena Bonham Carter
Sacha Baron Cohen"
152,153,"Daniel Day-Lewis
Sally Field
David Strathairn
Joseph Gordon-Levitt
James Spader
Hal Holbrook
Tommy Lee Jones"
153,154,"Jamie Foxx
Christoph Waltz
Leonardo DiCaprio
Kerry Washington
Samuel L. Jackson
Walton Goggins
Dennis Christopher
James Remar
Michael Parks
Don Johnson"
154,155,Daniel CraigJavier BardemRalph FiennesNaomie HarrisBérénice MarloheAlbert FinneyJudi Dench
155,156,"Bradley Cooper
Jennifer Lawrence
Robert De Niro
Jacki Weaver
Anupam Kher
Chris Tucker"
156,157,"Jessica Chastain
Jason Clarke
Joel Edgerton
Reda Kateb
Mark Strong
James Gandolfini
Kyle Chandler
Stephen Dillane
Chris Pratt
Édgar Ramírez
Fares Fares
Jennifer Ehle
John Barrowman
Mark Duplass
Harold Perrineau
Frank Grillo"
157,158,Jean-Louis TrintignantEmmanuelle RivaIsabelle Huppert
158,159,"Keira Knightley
Jude Law
Aaron Johnson
Kelly Macdonald
Matthew Macfadyen
Domhnall Gleeson
Ruth Wilson
Alicia Vikander
Olivia Williams
Emily Watson"
159,160,"John Kahrs
Kari Wahlgren"
160,161,"Kelly Macdonald
Emma Thompson
Billy Connolly
Julie Walters
Robbie Coltrane
Kevin McKidd
Craig Ferguson"
161,162,Sixto Rodriguez
162,163,Sin datos
163,164,Fátima PtacekShawn ChristensenKim Allen
164,165,"Jean Dujardin
Bérénice Bejo
James Cromwell
Penelope Ann Miller
Malcolm McDowell
Missi Pyle
Beth Grant
Ed Lauter
Joel Murray
Ken Davitian
John Goodman"
165,166,"Ben Kingsley
Sacha Baron Cohen
Asa Butterfield
Chloë Grace Moretz
Ray Winstone
Emily Mortimer
Jude Law"
166,167,"Meryl Streep
Jim Broadbent
Olivia Colman
Roger Allam
Susan Brown
Nick Dunning
Nicholas Farrell
Iain Glen
Richard E. Grant
Anthony Head
Harry Lloyd
Michael Maloney
Michael Pennington
Alexandra Roach
Amanda Root
Pip Torrens
Julian Wadham
David Westhead
Angus Wright"
167,168,"George Clooney
Shailene Woodley
Beau Bridges
Judy Greer"
168,169,"Daniel Craig
Rooney Mara
Christopher Plummer
Stellan Skarsgård
Steven Berkoff
Robin Wright
Yorick van Wageningen
Joely Richardson"
169,170,"Kathy Bates
Adrien Brody
Carla Bruni
Marion Cotillard
Rachel McAdams
Michael Sheen
Owen Wilson"
170,171,"Jessica Chastain
Viola Davis
Bryce Dallas Howard
Allison Janney
Octavia Spencer
Emma Stone
Sissy Spacek"
171,172,"Leila Hatami
Peyman Moaadi
Shahab Hosseini
Kimiya Hosseini
Babak Karimi
Sareh Bayat
Sarina Farhadi
Merila Zarei"
172,173,Sin datos
173,174,Ciarán HindsConleth HillKerry CondonMaggie Cronin
174,175,Sin datos
175,176,"Jason Segel
Amy Adams
Chris Cooper
Rashida Jones
Steve Whitmire
Eric Jacobson
Dave Goelz
Bill Barretta
David Rudman
Matt Vogel
Peter Linz"
176,177,Dr Mohammad Jawad
177,178,"Ewan McGregor
Christopher Plummer
Mélanie Laurent
Goran Višnjić"
178,179,"Johnny Depp
Isla Fisher
Abigail Breslin
Ned Beatty
Alfred Molina
Bill Nighy
Harry Dean Stanton
Ray Winstone
Timothy Olyphant"
179,180,"Colin Firth
Geoffrey Rush
Helena Bonham Carter
Guy Pearce
Timothy Spall
Derek Jacobi
Jennifer Ehle
Michael Gambon
Claire Bloom"
180,181,"Leonardo DiCaprio
Ken Watanabe
Joseph Gordon-Levitt
Marion Cotillard
Elliot Page[a]
Tom Hardy
Cillian Murphy
Tom Berenger
Michael Caine"
181,182,"Jesse Eisenberg
Andrew Garfield
Justin Timberlake
Armie Hammer
Max Minghella"
182,183,"Mark Wahlberg
Christian Bale
Amy Adams
Melissa Leo"
183,184,"Tom Hanks
Tim Allen
Joan Cusack
Don Rickles
Wallace Shawn
John Ratzenberger
Estelle Harris
Ned Beatty
Michael Keaton
Jodi Benson
John Morris"
184,185,"Johnny Depp
Anne Hathaway
Helena Bonham Carter
Crispin Glover
Matt Lucas
Mia Wasikowska
Alan Rickman
Stephen Fry
Michael Sheen
Timothy Spall"
185,186,"Natalie Portman
Vincent Cassel
Mila Kunis
Barbara Hershey
Winona Ryder"
186,187,Mikael PersbrandtTrine DyrholmUlrich ThomsenMarkus RygaardWilliam Jøhnk Juels Nielsen
187,188,Sin datos
188,189,Luke MathenyChristopher HirshMarian BrockEmily YoungMiguel RosalesElizabeth OlinFrancesca McLaughlinMark GessnerDavid RossAndrea MustainPriya DewanKatherine E. Scharhon
189,190,"Benicio del Toro
Anthony Hopkins
Emily Blunt
Hugo Weaving"
190,191,Sin datos
191,192,Sin datos
192,193,"Jeremy Renner
Anthony Mackie
Brian Geraghty
Evangeline Lilly
Ralph Fiennes
David Morse
Guy Pearce"
193,194,"Sam Worthington
Zoe Saldana
Stephen Lang
Michelle Rodriguez
Sigourney Weaver"
194,195,Mo'NiquePaula PattonMariah CareySherri ShepherdLenny KravitzGabourey Sidibe
195,196,"Ed Asner
Christopher Plummer
Jordan Nagai
Bob Peterson"
196,197,"Jeff Bridges
Maggie Gyllenhaal
Robert Duvall"
197,198,"Brad Pitt
Christoph Waltz
Michael Fassbender
Eli Roth
Diane Kruger
Daniel Brühl
Til Schweiger
Mélanie Laurent
B. J. Novak
August Diehl
Julie Dreyfus
Sylvester Groth
Jacky Ido
Denis Menochet
Mike Myers
Rod Taylor
Martin Wuttke"
198,199,"John Cho
Ben Cross
Bruce Greenwood
Simon Pegg
Chris Pine
Zachary Quinto
Winona Ryder
Zoe Saldana
Karl Urban
Anton Yelchin
Eric Bana
Leonard Nimoy"
199,200,"Emily Blunt
Rupert Friend
Paul Bettany
Miranda Richardson
Jim Broadbent
Thomas Kretschmann
Mark Strong
Jesper Christensen
Harriet Walter"
200,201,"Sandra Bullock
Tim McGraw
Quinton Aaron
Lily Collins
Jae Head
Kim Dickens
Kathy Bates"
201,202,Prudence Mabhena Tapiwa Nyengera Energy Maburutse Honest Mupatse Marvelous Mbulo Vusani Vuma Goodwell Nzou Farai Mabhande
202,203,"Ricardo Darín
Soledad Villamil
Pablo Rago
Javier Godino
Guillermo Francella"
203,204,Ric O'BarryLouie Psihoyos
204,205,Kevin CorriganDavid RakoffVincent D'Onofrio
205,206,Bob StephensonDavid FincherAja EvansSherman AugustusJoel MichaelyMatt Winston
206,207,"Dev Patel
Freida Pinto
Madhur Mittal
Anil Kapoor
Irrfan Khan"
207,208,"Brad Pitt
Cate Blanchett
Mahershala Ali
Taraji P. Henson
Julia Ormond
Jason Flemyng
Elias Koteas
Tilda Swinton"
208,209,"Sean Penn
Emile Hirsch
Josh Brolin
Diego Luna
James Franco"
209,210,"Christian Bale
Michael Caine
Heath Ledger
Gary Oldman
Aaron Eckhart
Maggie Gyllenhaal
Morgan Freeman"
210,211,"Ben Burtt
Elissa Knight
Jeff Garlin
Fred Willard
John Ratzenberger
Kathy Najimy
Sigourney Weaver"
211,212,"Kate Winslet
Ralph Fiennes
David Kross
Lena Olin
Bruno Ganz"
212,213,Keira KnightleyRalph FiennesCharlotte RamplingDominic CooperHayley AtwellSimon McBurneyAidan McArdleJohn Shrapnel
213,214,"Masahiro Motoki
Ryōko Hirosue
Tsutomu Yamazaki"
214,215,"Javier Bardem
Penélope Cruz
Rebecca Hall
Scarlett Johansson"
215,216,Sin datos
216,217,Philippe Petit (as himself)
217,218,Julia JägerCedric EichTamay Bulut ÖztavanTorsten MichaelisClaudia HübschmannDavid C. BunnersGregor WeberJürgen TrottKlaus-Jürgen SteinmannHeike W. ReichenwallnerMatthias Paul
218,219,Sin datos
219,220,"Tommy Lee Jones
Javier Bardem
Josh Brolin"
220,221,"Matt Damon
Julia Stiles
David Strathairn
Scott Glenn
Paddy Considine
Édgar Ramírez
Albert Finney
Joan Allen"
221,222,"Daniel Day-Lewis
Paul Dano
Kevin J. O'Connor
Ciarán Hinds
Dillon Freasier"
222,223,"Marion Cotillard
Sylvie Testud
Pascal Greggory
Emmanuelle Seigner
Jean-Paul Rouve
Gérard Depardieu
Clotilde Courau
Jean-Pierre Martins
Catherine Allégret
Marc Barbé"
223,224,"James McAvoy
Keira Knightley
Romola Garai
Saoirse Ronan
Vanessa Redgrave"
224,225,"George Clooney
Tom Wilkinson
Tilda Swinton
Sydney Pollack"
225,226,"Patton Oswalt
Ian Holm
Lou Romano
Brad Garrett
Peter O'Toole
Janeane Garofalo
Brian Dennehy
Peter Sohn
Will Arnett"
226,227,"Elliot Page[a]
Michael Cera
Jennifer Garner
Jason Bateman
Allison Janney
J. K. Simmons"
227,228,"Johnny Depp
Helena Bonham Carter
Alan Rickman
Timothy Spall
Sacha Baron Cohen
Jamie Campbell Bower"
228,229,"Nicole Kidman
Daniel Craig
Sam Elliott
Eva Green
Ian McKellen
Dakota Blue Richards"
229,230,Cate BlanchettGeoffrey RushClive OwenRhys IfansJordi MollàAbbie CornishSamantha Morton
230,231,Sin datos
231,232,Sin datos
232,233,Glen HansardMarkéta Irglová
233,234,Matteo Razzouki-SafardiPhilippe Pollet-Villard
234,235,Karl MarkovicsAugust DiehlDevid Striesow
235,236,Laurel HesterStacie Andree
236,237,"Leonardo DiCaprio
Matt Damon
Jack Nicholson
Mark Wahlberg
Martin Sheen
Ray Winstone
Vera Farmiga
Alec Baldwin
Anthony Anderson
James Badge Dale"
237,238,"Sergi López
Maribel Verdú
Ivana Baquero
Doug Jones
Ariadna Gil
Álex Angulo"
238,239,"Jamie Foxx
Beyoncé Knowles
Eddie Murphy
Danny Glover
Anika Noni Rose
Keith Robinson
Jennifer Hudson"
239,240,"Greg Kinnear
Steve Carell
Toni Collette
Paul Dano
Abigail Breslin
Alan Arkin"
240,241,Al Gore
241,242,"Brad Pitt
Cate Blanchett
Gael García Bernal
Kōji Yakusho
Adriana Barraza
Rinko Kikuchi"
242,243,"Helen Mirren
Michael Sheen
James Cromwell
Helen McCrory
Alex Jennings
Roger Allam
Sylvia Syms"
243,244,"Ken Watanabe
Kazunari Ninomiya
Tsuyoshi Ihara
Ryō Kase
Shidō Nakamura"
244,245,"Johnny Depp
Orlando Bloom
Keira Knightley
Stellan Skarsgård
Bill Nighy
Jack Davenport
Kevin R. McNally
Jonathan Pryce"
245,246,Sin datos
246,247,"Elijah Wood
Robin Williams
Brittany Murphy
Hugh Jackman
Nicole Kidman
Hugo Weaving
Anthony LaPaglia
Magda Szubanski
Steve Irwin"
247,248,"Forest Whitaker
James McAvoy
Kerry Washington
Simon McBurney
Gillian Anderson"
248,249,"Ulrich Mühe
Martina Gedeck
Sebastian Koch
Ulrich Tukur"
249,250,"Kirsten Dunst
Jason Schwartzman
Judy Davis
Rip Torn
Rose Byrne
Asia Argento
Molly Shannon
Shirley Henderson
Danny Huston
Steve Coogan"
250,251,Ben NewmarkNoureen DeWulfJoey NaberA.J. Tannen
251,252,Sin datos
252,253,"Sandra Bullock
Don Cheadle
Matt Dillon
Jennifer Esposito
William Fichtner
Brendan Fraser
Terrence Howard
Chris ""Ludacris"" Bridges
Thandiwe Newton
Ryan Phillippe
Larenz Tate"
253,254,"Heath Ledger
Jake Gyllenhaal
Linda Cardellini
Anna Faris
Anne Hathaway
Michelle Williams
Randy Quaid"
254,255,"Zhang Ziyi
Ken Watanabe
Michelle Yeoh
Kōji Yakusho
Youki Kudoh
Kaori Momoi
Gong Li"
255,256,"Naomi Watts
Jack Black
Adrien Brody
Thomas Kretschmann
Colin Hanks
Jamie Bell
Andy Serkis"
256,257,"Philip Seymour Hoffman
Catherine Keener
Clifton Collins Jr.
Bruce Greenwood
Mark Pellegrino
Amy Ryan
Chris Cooper"
257,258,Joaquin PhoenixReese WitherspoonGinnifer GoodwinRobert Patrick
258,259,Ralph FiennesRachel WeiszDanny HustonBill NighyPete Postlethwaite
259,260,"William Moseley
Anna Popplewell
Skandar Keynes
Georgie Henley
Tilda Swinton
James McAvoy
Jim Broadbent
Liam Neeson"
260,261,"Terrence Howard
Anthony Anderson
Taryn Manning
Taraji P. Henson
Paula Jai Parker
Elise Neal
DJ Qualls
Ludacris"
261,262,"George Clooney
Matt Damon
Jeffrey Wright
Chris Cooper
William Hurt
Mazhar Munir
Tim Blake Nelson
Amanda Peet
Christopher Plummer
Alexander Siddig"
262,263,Sin datos
263,264,Brendan GleesonRúaidhrí Conroy David Wilmot
264,265,Sin datos
265,266,Sin datos
266,267,Presley Chweneyagae
267,268,Peter SallisRalph FiennesHelena Bonham CarterPeter Kay
268,269,"Clint Eastwood
Hilary Swank
Morgan Freeman"
269,270,Leonardo DiCaprioCate BlanchettKate BeckinsaleJohn C. ReillyAlec BaldwinAlan AldaJude Law
270,271,"Jamie Foxx
Kerry Washington
Clifton Powell
Harry Lennix
Terrence Howard
Larenz Tate
Richard Schiff
Regina King"
271,272,"Craig T. Nelson
Holly Hunter
Sarah Vowell
Spencer Fox
Jason Lee
Samuel L. Jackson
Elizabeth Peña"
272,273,"Johnny Depp
Kate Winslet
Julie Christie
Radha Mitchell
Dustin Hoffman
Freddie Highmore"
273,274,"Paul Giamatti
Thomas Haden Church
Virginia Madsen
Sandra Oh"
274,275,"Jim Carrey
Liam Aiken
Emily Browning
Timothy Spall
Catherine O'Hara
Billy Connolly
Cedric the Entertainer
Luis Guzmán
Jennifer Coolidge
Meryl Streep"
275,276,"Tobey Maguire
Kirsten Dunst
James Franco
Alfred Molina
Rosemary Harris
Donna Murphy"
276,277,"Jim Carrey
Kate Winslet
Kirsten Dunst
Mark Ruffalo
Elijah Wood
Tom Wilkinson"
277,278,Gael García BernalRodrigo de la SernaMía Maestro
278,279,Javier BardemBelén RuedaLola DueñasMabel RiveraCelso Bugallo
279,280,Shanti DasPuja MukerjeeAvijit HalderSuchitra
280,281,Sin datos
281,282,Natalie Press
282,283,Ryan LarkinChris LandrethFelicity FanjoyDerek Lamb
283,284,"Elijah Wood
Ian McKellen
Liv Tyler
Viggo Mortensen
Sean Astin
Cate Blanchett
John Rhys-Davies
Bernard Hill
Billy Boyd
Dominic Monaghan
Orlando Bloom
Hugo Weaving
Miranda Otto
David Wenham
Karl Urban
John Noble
Andy Serkis
Ian Holm
Sean Bean"
284,285,"Russell Crowe
Paul Bettany"
285,286,"Sean Penn
Tim Robbins
Kevin Bacon
Laurence Fishburne
Marcia Gay Harden
Laura Linney"
286,287,"Jude Law
Nicole Kidman
Renée Zellweger
Eileen Atkins
Brendan Gleeson
Philip Seymour Hoffman
Natalie Portman
Giovanni Ribisi
Donald Sutherland
Ray Winstone"
287,288,"Bill Murray
Scarlett Johansson
Giovanni Ribisi
Anna Faris
Fumihiro Hayashi"
288,289,"Albert Brooks
Ellen DeGeneres
Alexander Gould
Willem Dafoe
Geoffrey Rush"
289,290,Rémy GirardStéphane RousseauDorothée BerrymanLouise PortalMarie-Josée CrozeMarina Hands
290,291,Jonathan FurrBen Allison
291,292,Charlize TheronChristina RicciBruce DernLee Tergesen
292,293,KamahlJohn FlausJulie Forsyth
293,294,Sin datos
294,295,Robert McNamara
295,296,"Renée Zellweger
Catherine Zeta-Jones
Richard Gere
Queen Latifah
John C. Reilly
Christine Baranski
Taye Diggs
Lucy Liu
Colm Feore
Dominic West"
296,297,"Adrien Brody
Thomas Kretschmann
Frank Finlay
Maureen Lipman
Emilia Fox
Ed Stoppard
Julia Rayner
Jessica Kate Meyer"
297,298,"Elijah Wood
Ian McKellen
Liv Tyler
Viggo Mortensen
Sean Astin
Cate Blanchett
John Rhys-Davies
Bernard Hill
Christopher Lee
Billy Boyd
Dominic Monaghan
Orlando Bloom
Hugo Weaving
Miranda Otto
David Wenham
Brad Dourif
Karl Urban
Andy Serkis"
298,299,"Salma Hayek
Alfred Molina
Geoffrey Rush
Valeria Golino
Mía Maestro
Roger Rees
Antonio Banderas
Edward Norton"
299,300,Meryl StreepJulianne MooreNicole KidmanEd HarrisToni ColletteClaire DanesJeff DanielsStephen DillaneAllison JanneyJohn C. ReillyMiranda Richardson
300,301,"Tom Hanks
Paul Newman
Jude Law
Jennifer Jason Leigh
Stanley Tucci
Daniel Craig"
301,302,"Nicolas Cage
Meryl Streep
Chris Cooper"
302,303,"Javier Cámara
Darío Grandinetti
Leonor Watling
Geraldine Chaplin
Rosario Flores"
303,304,Martin BuchCamilla Bendix
304,305,"Rumi Hiiragi
Miyu Irino
Mari Natsuki
Takashi Naito
Yasuko Sawaguchi
Tsunehiko Kamijō
Takehiko Ono
Bunta Sugawara"
305,306,Juliane KöhlerMerab Ninidze
306,307,Bradford SimonsenJeff WolvertonEric ArmstrongMortonette JenkinsPeter LurieRick Zieff
307,308,Tommy Buda
308,309,Michael Moore
309,310,"Eminem
Mekhi Phifer
Brittany Murphy
Kim Basinger"
310,311,Russell CroweEd HarrisJennifer ConnellyPaul BettanyAdam GoldbergJudd HirschJosh LucasAnthony RappChristopher Plummer
311,312,"Elijah Wood
Ian McKellen
Liv Tyler
Viggo Mortensen
Sean Astin
Cate Blanchett
John Rhys-Davies
Billy Boyd
Dominic Monaghan
Orlando Bloom
Christopher Lee
Hugo Weaving
Sean Bean
Ian Holm
Andy Serkis"
312,313,"Nicole Kidman
Ewan McGregor
John Leguizamo
Jim Broadbent
Richard Roxburgh"
313,314,"Josh Hartnett
Ewan McGregor
Eric Bana
Tom Sizemore
William Fichtner
Sam Shepard"
314,315,Eileen AtkinsBob BalabanAlan BatesCharles DanceStephen FryMichael GambonRichard E. GrantDerek JacobiKelly MacdonaldHelen MirrenJeremy NorthamClive OwenRyan PhillippeMaggie SmithKristin Scott ThomasEmily Watson
315,316,John GoodmanBilly CrystalSteve BuscemiJames CoburnJennifer TillyMary Gibbs
316,317,"Ben Affleck
Josh Hartnett
Kate Beckinsale
Cuba Gooding Jr.
Tom Sizemore
Jon Voight
Colm Feore
Alec Baldwin"
317,318,"Judi Dench
Kate Winslet
Jim Broadbent
Hugh Bonneville"
318,319,"Mike Myers
Eddie Murphy
Cameron Diaz
John Lithgow"
319,320,"Denzel Washington
Ethan Hawke
Scott Glenn
Cliff Curtis
Dr. Dre
Snoop Dogg"
320,321,Billy Bob ThorntonHeath LedgerHalle BerrySean CombsMos DefPeter Boyle
321,322,S. K. Thoth
322,323,Ralph Eggleston
323,324,Branko ĐurićRene BitorajacFilip Šovagović
324,325,Sin datos
325,326,Ray McKinnonWalton Goggins
326,327,"Russell Crowe
Joaquin Phoenix
Connie Nielsen
Oliver Reed
Derek Jacobi
Djimon Hounsou
Richard Harris"
327,328,"Chow Yun-fat
Michelle Yeoh
Zhang Ziyi
Chang Chen
Lang Sihung
Cheng Pei-pei"
328,329,"Michael Douglas
Don Cheadle
Benicio del Toro
Dennis Quaid
Catherine Zeta-Jones
Luis Guzmán"
329,330,"Julia Roberts
Albert Finney
Aaron Eckhart"
330,331,"Patrick Fugit
Billy Crudup
Frances McDormand
Kate Hudson
Jason Lee
Anna Paquin
Fairuza Balk
Noah Taylor
Philip Seymour Hoffman"
331,332,"Michael Douglas
Tobey Maguire
Frances McDormand
Katie Holmes
Rip Torn
Robert Downey Jr."
332,333,"Jim Carrey
Taylor Momsen
Jeffrey Tambor
Christine Baranski
Bill Irwin
Molly Shannon"
333,334,"Matthew McConaughey
Bill Paxton
Harvey Keitel
Jon Bon Jovi
Jake Weber
Erik Palladino
Matthew Settle
David Keith
Thomas Kretschmann"
334,335,"Ed Harris
Marcia Gay Harden
Tom Bower
Jennifer Connelly
Bud Cort
John Heard
Val Kilmer
Robert Knott
David Leary
Amy Madigan
Sally Murphy
Molly Regan
Stephanie Seymour
Matthew Sussman
Jeffrey Tambor
Sada Thompson
Norbert Weisser"
335,336,Sin datos
336,337,Sin datos
337,338,Emilio PerezFernando Pena Cuevas
338,339,Sin datos
339,340,"Kevin Spacey
Annette Bening
Thora Birch
Allison Janney
Peter Gallagher
Mena Suvari
Wes Bentley
Chris Cooper"
340,341,"Keanu Reeves
Laurence Fishburne
Carrie-Anne Moss
Hugo Weaving
Joe Pantoliano"
341,342,"Tobey Maguire
Charlize Theron
Delroy Lindo
Paul Rudd
Michael Caine
Jane Alexander
Kathy Baker
Kieran Culkin
Heavy D
Kate Nelligan
Erykah Badu"
342,343,"Jim Broadbent
Allan Corduner
Timothy Spall
Lesley Manville
Ron Cook"
343,344,"Johnny Depp
Christina Ricci
Miranda Richardson
Michael Gambon
Casper Van Dien
Jeffrey Jones"
344,345,"Hilary Swank
Chloë Sevigny
Peter Sarsgaard
Brendan Sexton III
Alicia Goranson
Jeannetta Arnette
Matt McGrath"
345,346,"Tony Goldwyn
Minnie Driver
Glenn Close
Alex D. Linz
Rosie O'Donnell
Brian Blessed
Nigel Hawthorne
Lance Henriksen
Wayne Knight
Taylor Dempsey"
346,347,Sin datos
347,348,"Carlo Cecchi
Irene Grazioli
Jean-Luc Bideau
Greta Scacchi
Jason Flemyng
Sylvia Chang
Colm Feore
Don McKellar
Samuel L. Jackson"
348,349,Sin datos
349,350,Helen StenborgPatricia Dunnock
350,351,Paul HungerfordDan Keplinger
351,352,"Winona Ryder
Angelina Jolie
Clea DuVall
Brittany Murphy
Elisabeth Moss
Jared Leto
Jeffrey Tambor
Vanessa Redgrave
Whoopi Goldberg"
352,353,"Cecilia Roth
Marisa Paredes
Candela Peña
Antonia San Juan
Penélope Cruz
Rosa Maria Sardà
Fernando Fernán Gómez
Fernando Guillén
Toni Cantó
Eloy Azorín
Carlos Lozano"
353,354,"Gwyneth Paltrow
Joseph Fiennes
Geoffrey Rush
Colin Firth
Ben Affleck
Judi Dench
Simon Callow
Jim Carter
Martin Clunes
Antony Sher
Imelda Staunton
Tom Wilkinson
Mark Williams"
354,355,"Tom Hanks
Edward Burns
Matt Damon
Tom Sizemore"
355,356,"Roberto Benigni
Nicoletta Braschi"
356,357,"Cate Blanchett
Geoffrey Rush
Christopher Eccleston
Joseph Fiennes
John Gielgud
Richard Attenborough"
357,358,"Ian McKellen
Brendan Fraser
Lynn Redgrave
Lolita Davidovich"
358,359,"Val Kilmer
Ralph Fiennes
Michelle Pfeiffer
Sandra Bullock
Jeff Goldblum
Danny Glover
Patrick Stewart
Helen Mirren
Steve Martin
Martin Short"
359,360,"Nick Nolte
Sissy Spacek
James Coburn
Willem Dafoe"
360,361,"Robin Williams
Cuba Gooding Jr.
Annabella Sciorra
Max von Sydow"
361,362,Sin datos
362,363,Sin datos
363,364,Ulrich Thomsen
364,365,Sin datos
365,366,"Leonardo DiCaprio
Kate Winslet
Billy Zane
Kathy Bates
Frances Fisher
Bernard Hill
Jonathan Hyde
Danny Nucci
David Warner
Bill Paxton"
366,367,"Robin Williams
Matt Damon
Ben Affleck
Stellan Skarsgård
Minnie Driver"
367,368,"Kevin Spacey
Russell Crowe
Guy Pearce
James Cromwell
David Strathairn
Kim Basinger
Danny DeVito"
368,369,"Jack Nicholson
Helen Hunt
Greg Kinnear
Cuba Gooding Jr.
Skeet Ulrich
Shirley Knight"
369,370,"Robert Carlyle
Tom Wilkinson
Mark Addy"
370,371,"Tommy Lee Jones
Will Smith
Linda Fiorentino
Vincent D'Onofrio
Rip Torn"
371,372,Chris TashimaSusan FukudaDiana GeorgerLawrence Craig
372,373,"Jan Decleir
Fedja van Huêt
Betty Schuurman
Tamar van den Dop
Victor Löw
Hans Kesting"
373,374,Bob Peterson
374,375,Donna Dewey
375,376,Sin datos
376,377,"Ralph Fiennes
Juliette Binoche
Willem Dafoe
Kristin Scott Thomas
Naveen Andrews
Colin Firth
Julian Wadham
Jürgen Prochnow"
377,378,"Frances McDormand
William H. Macy
Steve Buscemi
Harve Presnell
Peter Stormare"
378,379,"Armin Mueller-Stahl
Noah Taylor
Geoffrey Rush
Lynn Redgrave
John Gielgud"
379,380,"Madonna
Antonio Banderas
Jonathan Pryce
Jimmy Nail"
380,381,"Tom Cruise
Cuba Gooding Jr.
Renée Zellweger
Kelly Preston
Jerry O'Connell
Jay Mohr
Bonnie Hunt
Regina King"
381,382,"Will Smith
Bill Pullman
Jeff Goldblum
Mary McDonnell
Judd Hirsch
Margaret Colin
Randy Quaid
Robert Loggia
James Rebhorn
Harvey Fierstein"
382,383,"Gwyneth Paltrow
Toni Collette
Alan Cumming
Ewan McGregor
Jeremy Northam
Greta Scacchi
Juliet Stevenson
Polly Walker"
383,384,"Billy Bob Thornton
Dwight Yoakam
J. T. Walsh
John Ritter
Lucas Black
Natalie Canerday
Robert Duvall"
384,385,"Michael Douglas
Val Kilmer"
385,386,Zdeněk SvěrákAndrey KhalimonLibuše Šafránková
386,387,"Eddie Murphy
Jada Pinkett
James Coburn
Dave Chappelle"
387,388,Sin datos
388,389,"Muhammad Ali
George Foreman
James Brown
B.B. King
Norman Mailer
George Plimpton
Spike Lee
The Crusaders
The Spinners"
389,390,Mark O'Brien
390,391,Bebe NeuwirthBruce Altman
391,392,"Mel Gibson
Sophie Marceau
Patrick McGoohan
Catherine McCormack"
392,393,"Tom Hanks
Kevin Bacon
Bill Paxton
Gary Sinise
Ed Harris
Kathleen Quinlan"
393,394,"Joe Baker
Christian Bale
Irene Bedard
Billy Connolly
James Apaumut Fall
Mel Gibson
Linda Hunt
John Kassir
Judy Kuhn
Danny Mann
Russell Means
David Ogden Stiers
Michelle St. John
Gordon Tootoosis
Frank Welker"
394,395,"Stephen Baldwin
Gabriel Byrne
Chazz Palminteri
Kevin Pollak
Pete Postlethwaite
Kevin Spacey
Suzy Amis
Benicio del Toro
Giancarlo Esposito"
395,396,"Robert Downey Jr.
Sam Neill
Meg Ryan
David Thewlis
Polly Walker
Ian McKellen
Hugh Grant"
396,397,"James Cromwell
Magda Szubanski"
397,398,"Emma Thompson
Alan Rickman
Kate Winslet
Hugh Grant"
398,399,"Massimo Troisi
Philippe Noiret
Maria Grazia Cucinotta"
399,400,"Susan Sarandon
Sean Penn
Robert Prosky
Raymond J. Barry
R. Lee Ermey
Scott Wilson"
400,401,"Nicolas Cage
Elisabeth Shue
Julian Sands"
401,402,"F. Murray Abraham
Woody Allen
Claire Bloom
Helena Bonham Carter
Olympia Dukakis
Michael Rapaport
Mira Sorvino
David Ogden Stiers
Jack Warden
Peter Weller"
402,403,Glenn Close
403,404,Peter SallisAnne Reid
404,405,Danny AielloChristine LahtiNancy Travis
405,406,Gerda Weissmann Klein
406,407,"Willeke van Ammelrooy
Els Dottermans
Jan Decleir
Marina de Graaf
Mil Seghers"
407,408,"Tom Hanks
Tim Allen
Don Rickles
Jim Varney
Wallace Shawn
John Ratzenberger
Annie Potts
John Morris
Erik von Detten"
408,409,"Tom Hanks
Robin Wright
Gary Sinise
Mykelti Williamson
Sally Field"
409,410,"Jonathan Taylor Thomas
Matthew Broderick
James Earl Jones
Jeremy Irons
Moira Kelly
Ernie Sabella
Nathan Lane
Robert Guillaume
Rowan Atkinson
Whoopi Goldberg
Cheech Marin
Jim Cummings
Madge Sinclair"
410,411,"Keanu Reeves
Dennis Hopper
Sandra Bullock
Joe Morton
Jeff Daniels"
411,412,"Johnny Depp
Martin Landau
Sarah Jessica Parker
Patricia Arquette
Jeffrey Jones
Bill Murray"
412,413,"John Travolta
Samuel L. Jackson
Uma Thurman
Harvey Keitel
Tim Roth
Amanda Plummer
Maria de Medeiros
Ving Rhames
Eric Stoltz
Rosanna Arquette
Christopher Walken
Bruce Willis"
413,414,"Jim Broadbent
John Cusack
Harvey Fierstein
Chazz Palminteri
Mary-Louise Parker
Rob Reiner
Jennifer Tilly
Tracey Ullman
Joe Viterelli
Jack Warden
Dianne Wiest"
414,415,"Nigel Hawthorne
Helen Mirren
Ian Holm
Amanda Donohoe
Rupert Graves
Rupert Everett"
415,416,"Brad Pitt
Anthony Hopkins
Aidan Quinn
Julia Ormond
Henry Thomas"
416,417,Sin datos
417,418,Richard E. Grant
418,419,Sin datos
419,420,"Oleg Menshikov
Nikita Mikhalkov
Ingeborga Dapkūnaitė
Nadezhda Mikhalkova"
420,421,Brett Barsky
421,422,"Terence Stamp
Hugo Weaving
Guy Pearce
Bill Hunter"
422,423,Andy Hamilton  Alison Snowden  Harry Enfield  Andrew MacLachlan  Tessa Wojiczak  Sally Grace
423,424,"Jessica Lange
Tommy Lee Jones
Powers Boothe
Carrie Snodgress
Amy Locane
Chris O'Donnell"
424,425,"Liam Neeson
Ben Kingsley
Ralph Fiennes
Caroline Goodall
Jonathan Sagall
Embeth Davidtz"
425,426,"Holly Hunter
Harvey Keitel
Sam Neill
Anna Paquin
Kerry Walker
Genevieve Lemon"
426,427,"Sam Neill
Laura Dern
Jeff Goldblum
Richard Attenborough
Bob Peck
Martin Ferrero
BD Wong
Samuel L. Jackson
Wayne Knight
Joseph Mazzello
Ariana Richards"
427,428,"Tom Hanks
Denzel Washington
Jason Robards
Mary Steenburgen
Antonio Banderas"
428,429,"Harrison Ford
Tommy Lee Jones
Sela Ward
Joe Pantoliano
Andreas Katsulas
Jeroen Krabbé"
429,430,"Daniel Day-Lewis
Michelle Pfeiffer
Winona Ryder"
430,431,Peter Sallis
431,432,Jorge SanzPenélope CruzFernando Fernán GómezMiriam Díaz ArocaAriadna GilMaribel Verdú
432,433,Sin datos
433,434,"Robin Williams
Sally Field
Pierce Brosnan
Harvey Fierstein
Robert Prosky"
434,435,Senta MoiraPaul OutlawStefan MerkiKlaus Tilsner
435,436,Sin datos
436,437,"Clint Eastwood
Gene Hackman
Morgan Freeman
Richard Harris"
437,438,"Anthony Hopkins
Vanessa Redgrave
Helena Bonham Carter
Emma Thompson
James Wilby
Samuel West
Jemma Redgrave
Prunella Scales"
438,439,"Gary Oldman
Winona Ryder
Anthony Hopkins
Keanu Reeves"
439,440,"Scott Weinger
Robin Williams
Linda Larkin
Jonathan Freeman
Frank Welker
Gilbert Gottfried
Douglas Seale"
440,441,"Stephen Rea
Miranda Richardson
Jaye Davidson
Forest Whitaker"
441,442,"Al Pacino
Chris O'Donnell"
442,443,"Craig Sheffer
Brad Pitt
Tom Skerritt
Brenda Blethyn
Emily Lloyd"
443,444,Catherine DeneuveVincent PérezLinh Dan PhamJean Yanne
444,445,"Joe Pesci
Ralph Macchio
Marisa Tomei
Mitchell Whitfield
Fred Gwynne"
445,446,Sin datos
446,447,Judy GwazdauskasPeter Gwazdauskas
447,448,"Daniel Day-Lewis
Madeleine Stowe
Jodhi May"
448,449,"Meryl Streep
Goldie Hawn
Bruce Willis
Isabella Rossellini"
449,450,Daniel RialetJacques Martial
450,451,Jean G. Poulot
451,452,"Jodie Foster
Anthony Hopkins
Scott Glenn
Ted Levine"
452,453,"Arnold Schwarzenegger
Linda Hamilton
Robert Patrick"
453,454,"Warren Beatty
Annette Bening
Harvey Keitel
Ben Kingsley
Joe Mantegna"
454,455,"Kevin Costner
Kevin Bacon
Tommy Lee Jones
Laurie Metcalf
Gary Oldman
Michael Rooker
Jay O. Sanders
Sissy Spacek"
455,456,"Paige O'Hara
Robby Benson
Richard White
Jerry Orbach
David Ogden Stiers
Angela Lansbury
Rex Everhart
Jesse Corti"
456,457,"Susan Sarandon
Geena Davis
Harvey Keitel"
457,458,"Robin Williams
Jeff Bridges
Amanda Plummer
Mercedes Ruehl"
458,459,Sin datos
459,460,Sin datos
460,461,Diego AbatantuonoClaudio BigagliGiuseppe CedernaClaudio Bisio
461,462,James Remar
462,463,"Billy Crystal
Daniel Stern
Bruno Kirby
Patricia Wettig
Helen Slater
Jack Palance"
463,464,Sin datos
464,465,"Kevin Costner
Mary McDonnell
Graham Greene
Rodney Grant"
465,466,Warren Beatty  Al Pacino  Madonna  Glenne Headly  Charlie Korsmo
466,467,"Patrick Swayze
Demi Moore
Whoopi Goldberg"
467,468,"Robert De Niro
Ray Liotta
Joe Pesci
Lorraine Bracco
Paul Sorvino"
468,469,"Sean Connery
Alec Baldwin
Scott Glenn
James Earl Jones
Sam Neill"
469,470,"Glenn Close
Jeremy Irons
Ron Silver"
470,471,Gérard Depardieu
471,472,Sin datos
472,473,"Necmettin Cobanoglu
Nur Sürer
Emin Sivas
Yaman Okay
Mathias Gnädinger
Dietmar Schönherr"
473,474,Sin datos
474,475,Sin datos
475,476,"Paul Sarnoff
Scotty Bloch"
476,477,"James Caan
Kathy Bates
Frances Sternhagen
Richard Farnsworth
Lauren Bacall"
477,478,"Arnold Schwarzenegger
Rachel Ticotin
Sharon Stone
Michael Ironside
Ronny Cox"
478,479,"Morgan Freeman
Jessica Tandy
Dan Aykroyd
Patti LuPone
Esther Rolle"
479,480,"Matthew Broderick
Denzel Washington
Cary Elwes
Morgan Freeman"
480,481,"Tom Cruise
Kyra Sedgwick
Raymond J. Barry
Jerry Levine
Frank Whaley
Willem Dafoe"
481,482,"Daniel Day-Lewis
Ray McAnally
Brenda Fricker
Cyril Cusack
Fiona Shaw
Hugh O'Conor
Adrian Dunbar
Ruth McCabe
Alison Whelan"
482,483,"Jodi Benson
Christopher Daniel Barnes
Pat Carroll
Kenneth Mars
Samuel E. Wright
Jason Marin
Buddy Hackett"
483,484,Robin Williams
484,485,"Ed Harris
Mary Elizabeth Mastrantonio
Michael Biehn"
485,486,"Harrison Ford
Denholm Elliott
Alison Doody
John Rhys-Davies
Julian Glover
Sean Connery"
486,487,"Kenneth Branagh
Paul Scofield
Derek Jacobi
Ian Holm
Brian Blessed
Emma Thompson
Alec McCowen
Judi Dench
Christian Bale"
487,488,Len CariouDavid McCullough
488,489,Sin datos
489,490,"Philippe Noiret
Jacques Perrin
Antonella Attili
Pupella Maggio
Salvatore Cascio
Marco Leonardi"
490,491,Lenny HenryKathy Burke
491,492,"Jack Nicholson
Michael Keaton
Kim Basinger
Robert Wuhl
Pat Hingle
Billy Dee Williams
Michael Gough
Jack Palance"
492,493,Sin datos
493,494,"Dustin Hoffman
Tom Cruise
Valeria Golino"
494,495,"Glenn Close
John Malkovich
Michelle Pfeiffer
Uma Thurman
Swoosie Kurtz
Keanu Reeves
Mildred Natwick"
495,496,"Bob Hoskins
Christopher Lloyd
Charles Fleischer
Stubby Kaye
Joanna Cassidy"
496,497,"Gene Hackman
Willem Dafoe"
497,498,"Harrison Ford
Sigourney Weaver
Melanie Griffith"
498,499,"William Hurt
Kathleen Turner
Geena Davis"
499,500,"John Cleese
Jamie Lee Curtis
Kevin Kline
Michael Palin"
500,501,Max von SydowPelle HvenegaardErik PaaskeBjørn Granath
501,502,"Kelly McGillis
Jodie Foster"
502,503,Steven WrightRowan AtkinsonLaurie Metcalf
503,504,"Alec Baldwin
Geena Davis
Jeffrey Jones
Catherine O'Hara
Winona Ryder
Michael Keaton"
504,505,"Forest Whitaker
Diane Venora"
505,506,Sin datos
506,507,"Rubén Blades
Richard Bradford
Sônia Braga
Julie Carmen
James Gammon
Melanie Griffith
John Heard
Carlos Riquelme
Daniel Stern
Christopher Walken
Chick Vennera"
507,508,Sin datos
508,509,Jason Gaes
509,510,"John Lone
Joan Chen
Peter O'Toole
Ying Ruocheng
Victor Wong
Dennis Dun
Vivian Wu
Ryuichi Sakamoto"
510,511,"Cher
Nicolas Cage
Vincent Gardenia
Olympia Dukakis
Danny Aiello"
511,512,"Kevin Costner
Charles Martin Smith
Andy García
Robert De Niro
Sean Connery"
512,513,Stephane AudranBirgitte FederspielBodil Kjer
513,514,"Patrick Swayze
Jennifer Grey
Jerry Orbach
Cynthia Rhodes"
514,515,"John Lithgow
Melinda Dillon
Don Ameche
David Suchet
Margaret Langrick
Joshua Rudoy
Lainie Kazan
Kevin Peter Hall"
515,516,"Dennis Quaid
Martin Short
Meg Ryan
Kevin McCarthy"
516,517,Sin datos
517,518,John AchornTim Choate
518,519,Sin datos
519,520,"Michael Douglas
Charlie Sheen
Daryl Hannah
Martin Sheen
Hal Holbrook
Terence Stamp"
520,521,Louis GothelfReva Shwayder-Gothelf
521,522,"Peter Weller
Nancy Allen
Daniel O'Herlihy
Ronny Cox
Kurtwood Smith
Miguel Ferrer"
522,523,"Tom Berenger
Willem Dafoe
Charlie Sheen"
523,524,"Helena Bonham Carter
Julian Sands
Maggie Smith
Denholm Elliott
Daniel Day-Lewis
Judi Dench
Simon Callow"
524,525,"Woody Allen
Michael Caine
Mia Farrow
Carrie Fisher
Barbara Hershey
Lloyd Nolan
Maureen O'Sullivan
Daniel Stern
Max Von Sydow
Dianne Wiest"
525,526,Sigourney Weaver
526,527,"Robert De Niro
Jeremy Irons"
527,528,"William Hurt
Marlee Matlin
Piper Laurie
Philip Bosco"
528,529,"Paul Newman
Tom Cruise
Mary Elizabeth Mastrantonio
Helen Shaver"
529,530,"Tom Cruise
Kelly McGillis
Val Kilmer
Anthony Edwards
Tom Skerritt"
530,531,"Dexter Gordon
François Cluzet
Sandra Reaves-Phillips
Lonette McKee
Christine Pascal
Herbie Hancock
John Berry
Martin Scorsese"
531,532,Sin datos
532,533,Derek de LintMarc van UchelenMonique van de Ven
533,534,Sin datos
534,535,"Jeff Goldblum
Geena Davis
John Getz"
535,536,Sin datos
536,537,Sin datos
537,538,Joanne Woodward
538,539,"Robert Redford
Meryl Streep
Klaus Maria Brandauer"
539,540,"Harrison Ford
Kelly McGillis
Lukas Haas
Jan Rubeš
Danny Glover
Josef Sommer"
540,541,"Don Ameche
Wilford Brimley
Hume Cronyn
Brian Dennehy
Jack Gilford
Steve Guttenberg
Maureen Stapleton
Jessica Tandy
Gwen Verdon
Herta Ware
Tahnee Welch"
541,542,"Jack Nicholson
Kathleen Turner
Robert Loggia
William Hickey
John Randolph
Anjelica Huston"
542,543,"Michael J. Fox
Christopher Lloyd
Lea Thompson
Crispin Glover"
543,544,"William Hurt
Raul Julia
Sônia Braga"
544,545,"Tatsuya Nakadai
Akira Terao
Jinpachi Nezu
Daisuke Ryu
Mieko Harada
Peter
Hisashi Igawa
Yoshiko Miyazaki"
545,546,"Héctor Alterio
Norma Aleandro
Hugo Arana
Guillermo Battaglia
Chela Ruiz
Patricio Contreras
Aníbal Morixe
María Luisa Robledo
Jorge Petraglia
Analía Castro
Chunchuna Villafañe"
546,547,"Geraldine Page
John Heard
Carlin Glynn
Richard Bradford
Rebecca De Mornay"
547,548,"Mikhail Baryshnikov
Gregory Hines
Geraldine Page
Helen Mirren
Jerzy Skolimowski
Isabella Rossellini"
548,549,Tonny HuurdemanAnnemieke RingPeter Ring
549,550,Laura NyroBuffy Sainte-Marie
550,551,"Cher
Sam Elliott
Eric Stoltz
Laura Dern"
551,552,Lilly BalabanJessica Bertan
552,553,Charlie Clements
553,554,"F. Murray Abraham
Tom Hulce
Elizabeth Berridge
Simon Callow
Roy Dotrice
Christine Ebersole
Jeffrey Jones
Charles Kay"
554,555,"Sam Waterston
Haing S. Ngor
John Malkovich
Julian Sands"
555,556,"Peggy Ashcroft
Judy Davis
James Fox
Alec Guinness
Nigel Havers
Victor Banerjee
Roshan Seth"
556,557,"Sally Field
Lindsay Crouse
Ed Harris
Amy Madigan
John Malkovich
Danny Glover"
557,558,"Harrison Ford
Kate Capshaw
Ke Huy Quan
Amrish Puri
Roshan Seth
Philip Stone"
558,559,See below
559,560,Michel PiccoliAlexandre ArbattLiv Ullmann
560,561,"Prince
Apollonia Kotero
Morris Day
Olga Karlatos
Clarence Williams III"
561,562,Vincent PalumboRoger Morigi
562,563,Sin datos
563,564,Ed CesarErick McWayne
564,565,"Gene Wilder
Charles Grodin
Joseph Bologna
Judith Ivey
Michael Huddleston
Kelly LeBrock
Gilda Radner"
565,566,"Sissy Spacek
Mel Gibson
Scott Glenn"
566,567,"Debra Winger
Shirley MacLaine
Jack Nicholson
Danny DeVito
Jeff Daniels
John Lithgow"
567,568,"Charles Frank
Scott Glenn
Ed Harris
Lance Henriksen
Scott Paulin
Dennis Quaid
Sam Shepard
Fred Ward
Kim Stanley
Barbara Hershey
Veronica Cartwright
Pamela Reed"
568,569,"Pernilla Allwin
Bertil Guve
Jan Malmsjö
Börje Ahlstedt
Anna Bergman
Gunn Wållgren
Kristina Adolphson
Erland Josephson
Mats Bergman
Jarl Kulle"
569,570,"Robert Duvall
Tess Harper
Betty Buckley
Wilford Brimley
Ellen Barkin"
570,571,"Barbra Streisand
Mandy Patinkin
Amy Irving"
571,572,"Jennifer Beals
Michael Nouri
Lilia Skala
Sunny Johnson
Kyle T. Heffner
Lee Ving
Ron Karabatsos
Belinda Bauer
Malcolm Danare
Phil Bruns
Micole Mercurio"
572,573,Ian HeathMegan Follows
573,574,Susana RobledoAntonio Robledo
574,575,Jacques d'Amboise
575,576,Scott Record
576,577,"Mel Gibson
Sigourney Weaver
Bill Kerr
Michael Murphy
Linda Hunt
Noel Ferrier"
577,578,"Mark Hamill
Harrison Ford
Carrie Fisher
Billy Dee Williams
Anthony Daniels
David Prowse
Kenny Baker
Peter Mayhew
Frank Oz"
578,579,"Ben Kingsley
Candice Bergen
Edward Fox
John Gielgud
Trevor Howard
John Mills
Martin Sheen
Rohini Hattangady"
579,580,"Dee Wallace
Henry Thomas
Peter Coyote
Robert MacNaughton
Drew Barrymore"
580,581,"Richard Gere
Debra Winger
David Keith
Louis Gossett Jr."
581,582,"Dustin Hoffman
Jessica Lange
Teri Garr
Dabney Coleman
Charles Durning"
582,583,"Julie Andrews
James Garner
Robert Preston
Lesley Ann Warren
Alex Karras"
583,584,"Meryl Streep
Kevin Kline
Peter MacNicol"
584,585,"Jack Lemmon
Sissy Spacek
Melanie Mayron
John Shea
Tina Romero"
585,586,Dr. Helen Caldicott
586,587,Sin datos
587,588,Rupert EverettJenny Seagrove
588,589,Sin datos
589,590,Antonio FerrandisEncarna Paso
590,591,"Everett McGill
Rae Dawn Chong
Ron Perlman
Nameer El-Kadi"
591,592,"Ben Cross
Ian Charleson
Nigel Havers
Cheryl Campbell
Alice Krige
Lindsay Anderson
Dennis Christopher
Nigel Davenport
Brad Davis
Peter Egan
John Gielgud
Ian Holm
Patrick Magee"
592,593,"Harrison Ford
Karen Allen
Paul Freeman
Ronald Lacey
John Rhys-Davies
Denholm Elliott"
593,594,"Warren Beatty
Diane Keaton
Edward Herrmann
Jerzy Kosiński
Jack Nicholson
Paul Sorvino
Maureen Stapleton"
594,595,"Katharine Hepburn
Henry Fonda
Jane Fonda
Doug McKeon
Dabney Coleman
William Lanteau"
595,596,Dudley MooreLiza MinnelliJohn Gielgud
596,597,"David Naughton
Jenny Agutter
Griffin Dunne
John Woodvine"
597,598,Sin datos
598,599,Sin datos
599,600,Sin datos
600,601,Klaus Maria BrandauerKrystyna JandaIldikó BánságiRolf HoppeMartin Hellberg
601,602,Didi Conn
602,603,Donald SutherlandMary Tyler MooreJudd HirschTimothy Hutton
603,604,Nastassja KinskiPeter FirthLeigh Lawson
604,605,Robert De Niro
605,606,"Eddie Barth
Irene Cara
Lee Curreri
Laura Dean
Antonia Franceschi
Boyd Gaines
Albert Hague
Tresa Hughes
Steve Inwood
Paul McCrane
Anne Meara
Joanna Merlin
Barry Miller
Jim Moody
Gene Anthony Ray
Maureen Teefy"
606,607,Paul Le MatMary SteenburgenPamela ReedJason Robards
607,608,Sissy SpacekTommy Lee JonesBeverly D'AngeloLevon Helm
608,609,"Mark Hamill
Harrison Ford
Carrie Fisher
Billy Dee Williams
Anthony Daniels
David Prowse
Kenny Baker
Peter Mayhew
Frank Oz"
609,610,Robert UrquhartRikki Fulton
610,611,Sin datos
611,612,Isaac SternDavid Golub
612,613,Karl Hess
613,614,Vera AlentovaIrina MuravyovaRaisa RyazanovaAleksey Batalov
