,id_title,protagonists
0,1,Michelle Yeoh
1,1,Stephanie Hsu
2,1,Ke Huy Quan
3,1,Jenny Slate
4,1,Harry Shum Jr.
5,1,James Hong
6,1,Jamie Lee Curtis
7,2,Felix Kammerer
8,2,Albrecht Schuch
9,2,Daniel Brühl
10,3,Brendan Fraser
11,3,Sadie Sink
12,3,Hong Chau
13,3,Ty Simpkins
14,3,Samantha Morton
15,4,Tom Cruise
16,4,Miles Teller
17,4,Jennifer Connelly
18,4,Jon Hamm
19,4,Glen Powell
20,4,Lewis Pullman
21,4,Ed Harris
22,4,Val Kilmer
23,5,Letitia Wright
24,5,Lupita Nyong'o
25,5,Danai Gurira
26,5,Winston Duke
27,5,Florence Kasumba
28,5,Dominique Thorne
29,5,Michaela Coel
30,5,Mabel Cadena
31,5,Tenoch Huerta Mejía
32,5,Martin Freeman
33,5,Julia Louis-Dreyfus
34,5,Angela Bassett
35,6,Sam Worthington
36,6,Zoe Saldaña
37,6,Sigourney Weaver
38,6,Stephen Lang
39,6,Kate Winslet
40,7,Rooney Mara
41,7,Claire Foy
42,7,Jessie Buckley
43,7,Judith Ivey
44,7,Ben Whishaw
45,7,Frances McDormand
46,8,Ewan McGregor
47,8,David Bradley
48,8,Gregory Mann
49,8,Burn Gorman
50,8,Ron Perlman
51,8,John Turturro
52,8,Finn Wolfhard
53,8,Cate Blanchett
54,8,Tim Blake Nelson
55,8,Christoph Waltz
56,8,Tilda Swinton
57,9,Alexei Navalny
58,9,Yulia Navalnaya
59,9,Maria Pevchikh
60,9,Christo Grozev
61,9,Leonid Volkov
62,10,Sin datos
63,11,James Martin
64,11,Seamus O'Hara
65,11,Paddy Jenkins
66,11,Michelle Fairley
67,12,Jude Coward Nicoll
68,12,Gabriel Byrne
69,12,Idris Elba
70,12,Tom Hollander
71,13,N. T. Rama Rao Jr.
72,13,Ram Charan
73,13,Ajay Devgn
74,13,Alia Bhatt
75,13,Shriya Saran
76,13,Samuthirakani
77,13,Ray Stevenson
78,13,Alison Doody
79,13,Olivia Morris
80,14,Emilia Jones
81,14,Eugenio Derbez
82,14,Troy Kotsur
83,14,Ferdia Walsh-Peelo
84,14,Daniel Durant
85,14,Marlee Matlin
86,15,Timothée Chalamet
87,15,Rebecca Ferguson
88,15,Oscar Isaac
89,15,Josh Brolin
90,15,Stellan Skarsgård
91,15,Dave Bautista
92,15,Stephen McKinley Henderson
93,15,Zendaya
94,15,David Dastmalchian
95,15,Chang Chen
96,15,Sharon Duncan-Brewster
97,15,Charlotte Rampling
98,15,Jason Momoa
99,15,Javier Bardem
100,16,Jessica Chastain
101,16,Andrew Garfield
102,16,Cherry Jones
103,16,Vincent D'Onofrio
104,17,Daniel Craig
105,17,Rami Malek
106,17,Léa Seydoux
107,17,Lashana Lynch
108,17,Ben Whishaw
109,17,Naomie Harris
110,17,Jeffrey Wright
111,17,Christoph Waltz
112,17,Ralph Fiennes
113,18,Sin datos
114,19,Sin datos
115,20,Lusia Harris
116,21,Sin datos
117,22,Hidetoshi Nishijima
118,22,Tōko Miura
119,22,Reika Kirishima
120,22,Park Yu-rim
121,22,Jin Dae-yeon
122,22,Sonia Yuan
123,22,Ahn Hwitae
124,22,Perry Dizon
125,22,Satoko Abe
126,22,Masaki Okada
127,23,Stephanie Beatriz
128,23,María Cecilia Botero
129,23,John Leguizamo
130,23,Mauro Castillo
131,23,Jessica Darrow
132,23,Angie Cepeda
133,23,Carolina Gaitán
134,23,Diane Guerrero
135,23,Wilmer Valderrama
136,24,Ansel Elgort
137,24,Ariana DeBose
138,24,David Alvarez
139,24,Mike Faist
140,24,Rita Moreno
141,24,Rachel Zegler
142,25,Caitríona Balfe
143,25,Judi Dench
144,25,Jamie Dornan
145,25,Ciarán Hinds
146,25,Colin Morgan
147,25,Josie Walker
148,25,Jude Hill
149,26,Benedict Cumberbatch
150,26,Kirsten Dunst
151,26,Jesse Plemons
152,26,Kodi Smit-McPhee
153,26,Thomasin McKenzie
154,26,Genevieve Lemon
155,26,Keith Carradine
156,26,Frances Conroy
157,27,Will Smith
158,27,Aunjanue Ellis
159,27,Saniyya Sidney
160,27,Demi Singleton
161,27,Tony Goldwyn
162,27,Jon Bernthal
163,28,Emma Stone
164,28,Emma Thompson
165,28,Joel Fry
166,28,Paul Walter Hauser
167,28,Emily Beecham
168,28,Kirby Howell-Baptiste
169,28,Mark Strong
170,29,Frances McDormand
171,29,David Strathairn
172,29,Linda May
173,29,Swankie
174,30,Anthony Hopkins
175,30,Olivia Colman
176,30,Mark Gatiss
177,30,Imogen Poots
178,30,Rufus Sewell
179,30,Olivia Williams
180,31,Daniel Kaluuya
181,31,LaKeith Stanfield
182,31,Jesse Plemons
183,31,Dominique Fishback
184,31,Ashton Sanders
185,31,Martin Sheen
186,32,Steven Yeun
187,32,Han Ye-ri
188,32,Alan Kim
189,32,Noel Kate Cho
190,32,Youn Yuh-jung
191,32,Will Patton
192,33,Gary Oldman
193,33,Amanda Seyfried
194,33,Lily Collins
195,33,Arliss Howard
196,33,Tom Pelphrey
197,33,Charles Dance
198,33,Tom Burke
199,34,Riz Ahmed
200,34,Olivia Cooke
201,34,Paul Raci
202,34,Lauren Ridloff
203,34,Mathieu Amalric
204,35,Viola Davis
205,35,Chadwick Boseman
206,35,Glynn Turman
207,35,Colman Domingo
208,35,Michael Potts
209,36,Carey Mulligan
210,36,Bo Burnham
211,36,Alison Brie
212,36,Clancy Brown
213,36,Chris Lowell
214,36,Jennifer Coolidge
215,36,Laverne Cox
216,36,Connie Britton
217,36,Molly Shannon
218,37,John David Washington
219,37,Robert Pattinson
220,37,Elizabeth Debicki
221,37,Dimple Kapadia
222,37,Michael Caine
223,37,Kenneth Branagh
224,38,Jamie Foxx
225,38,Tina Fey
226,38,Graham Norton
227,38,Rachel House
228,38,Alice Braga
229,38,Richard Ayoade
230,38,Phylicia Rashad
231,38,Donnell Rawlings
232,38,Questlove
233,38,Angela Bassett
234,39,Mads Mikkelsen
235,39,Thomas Bo Larsen
236,39,Magnus Millang
237,39,Lars Ranthe
238,40,Craig Foster
239,40,Tom Foster
240,41,Colette Marin
241,42,Sin datos
242,43,Joey Badass
243,43,Andrew Howard
244,44,Song Kang-ho
245,44,Lee Sun-kyun
246,44,Cho Yeo-jeong
247,44,Choi Woo-shik
248,44,Park So-dam
249,44,Jang Hye-jin
250,45,Matt Damon
251,45,Christian Bale
252,45,Jon Bernthal
253,45,Caitríona Balfe
254,45,Tracy Letts
255,45,Josh Lucas
256,46,Sin datos
257,47,Maria Dizzia
258,47,Greg Keller
259,47,Juliana Canfield
260,48,Saoirse Ronan
261,48,Emma Watson
262,48,Florence Pugh
263,48,Eliza Scanlen
264,48,Laura Dern
265,48,Timothée Chalamet
266,48,Meryl Streep
267,48,Tracy Letts
268,48,Bob Odenkirk
269,48,James Norton
270,48,Louis Garrel
271,48,Chris Cooper
272,49,Scarlett Johansson
273,49,Adam Driver
274,49,Laura Dern
275,49,Alan Alda
276,49,Ray Liotta
277,49,Julie Hagerty
278,49,Merritt Wever
279,50,Roman Griffin Davis
280,50,Thomasin McKenzie
281,50,Taika Waititi
282,50,Rebel Wilson
283,50,Stephen Merchant
284,50,Alfie Allen
285,50,Sam Rockwell
286,50,Scarlett Johansson
287,51,Tom Hanks
288,51,Tim Allen
289,51,Annie Potts
290,51,Tony Hale
291,51,Keegan-Michael Key
292,51,Jordan Peele
293,51,Madeleine McGraw
294,51,Christina Hendricks
295,51,Keanu Reeves
296,51,Ally Maki
297,51,Jay Hernandez
298,51,Lori Alan
299,51,Joan Cusack
300,52,Joaquin Phoenix
301,52,Robert De Niro
302,52,Zazie Beetz
303,52,Frances Conroy
304,53,Leonardo DiCaprio
305,53,Brad Pitt
306,53,Margot Robbie
307,53,Emile Hirsch
308,53,Margaret Qualley
309,53,Timothy Olyphant
310,53,Austin Butler
311,53,Dakota Fanning
312,53,Bruce Dern
313,53,Al Pacino
314,54,George MacKay
315,54,Dean-Charles Chapman
316,54,Mark Strong
317,54,Andrew Scott
318,54,Richard Madden
319,54,Colin Firth
320,54,Benedict Cumberbatch
321,55,Renée Zellweger
322,55,Finn Wittrock
323,55,Jessie Buckley
324,55,Rufus Sewell
325,55,Michael Gambon
326,56,Charlize Theron
327,56,Nicole Kidman
328,56,John Lithgow
329,56,Kate McKinnon
330,56,Connie Britton
331,56,Malcolm McDowell
332,56,Allison Janney
333,56,Margot Robbie
334,57,Taron Egerton
335,57,Jamie Bell
336,57,Richard Madden
337,57,Bryce Dallas Howard
338,58,Sin datos
339,59,Issa Rae
340,60,Viggo Mortensen
341,60,Mahershala Ali
342,60,Linda Cardellini
343,61,Rami Malek
344,61,Lucy Boynton
345,61,Gwilym Lee
346,61,Ben Hardy
347,61,Joe Mazzello
348,61,Aidan Gillen
349,61,Tom Hollander
350,61,Mike Myers
351,62,Yalitza Aparicio
352,62,Marina de Tavira
353,62,Jorge Antonio Guerrero
354,63,Chadwick Boseman
355,63,Michael B. Jordan
356,63,Lupita Nyong'o
357,63,Danai Gurira
358,63,Martin Freeman
359,63,Daniel Kaluuya
360,63,Letitia Wright
361,63,Winston Duke
362,63,Sterling K. Brown
363,63,Angela Bassett
364,63,Forest Whitaker
365,63,Andy Serkis
366,64,Olivia Colman
367,64,Emma Stone
368,64,Rachel Weisz
369,65,Bradley Cooper
370,65,Lady Gaga
371,65,Andrew Dice Clay
372,65,Dave Chappelle
373,65,Sam Elliott
374,66,Christian Bale
375,66,Amy Adams
376,66,Steve Carell
377,66,Tyler Perry
378,66,Alison Pill
379,66,Lily Rabe
380,66,Jesse Plemons
381,66,Sam Rockwell
382,67,John David Washington
383,67,Adam Driver
384,67,Laura Harrier
385,67,Topher Grace
386,68,Ryan Gosling
387,68,Claire Foy
388,68,Jason Clarke
389,68,Kyle Chandler
390,68,Corey Stoll
391,68,Christopher Abbott
392,68,Ciarán Hinds
393,69,KiKi Layne
394,69,Stephan James
395,69,Colman Domingo
396,69,Teyonah Parris
397,69,Michael Beach
398,69,Dave Franco
399,69,Diego Luna
400,69,Pedro Pascal
401,69,Ed Skrein
402,69,Brian Tyree Henry
403,69,Regina King
404,70,Sin datos
405,71,Alex Honnold
406,71,Sanni Mccandless
407,71,Jimmy Chin
408,71,Tommy Caldwell
409,72,Arunachalam Muruganantham
410,73,Danielle Macdonald
411,73,Jackson Robert
412,73,Jonathan Tucker
413,73,Ashley Thomas
414,73,Lonnie Chavis
415,74,Shameik Moore
416,74,Jake Johnson
417,74,Hailee Steinfeld
418,74,Mahershala Ali
419,74,Brian Tyree Henry
420,74,Lily Tomlin
421,74,Luna Lauren Vélez
422,74,John Mulaney
423,74,Kimiko Glenn
424,74,Nicolas Cage
425,74,Liev Schreiber
426,75,Sally Hawkins
427,75,Michael Shannon
428,75,Richard Jenkins
429,75,Doug Jones
430,75,Michael Stuhlbarg
431,75,Octavia Spencer
432,76,Fionn Whitehead
433,76,Tom Glynn-Carney
434,76,Jack Lowden
435,76,Harry Styles
436,76,Aneurin Barnard
437,76,James D'Arcy
438,76,Barry Keoghan
439,76,Kenneth Branagh
440,76,Cillian Murphy
441,76,Mark Rylance
442,76,Tom Hardy
443,77,Frances McDormand
444,77,Woody Harrelson
445,77,Sam Rockwell
446,77,John Hawkes
447,77,Peter Dinklage
448,78,Gary Oldman
449,78,Kristin Scott Thomas
450,78,Lily James
451,78,Stephen Dillane
452,78,Ronald Pickup
453,78,Ben Mendelsohn
454,79,Ryan Gosling
455,79,Harrison Ford
456,79,Ana de Armas
457,79,Sylvia Hoeks
458,79,Robin Wright
459,79,Mackenzie Davis
460,79,Carla Juri
461,79,Lennie James
462,79,Dave Bautista
463,79,Jared Leto
464,80,Anthony Gonzalez
465,80,Gael García Bernal
466,80,Benjamin Bratt
467,80,Alanna Ubach
468,80,Renée Victor
469,80,Ana Ofelia Murguía
470,80,Edward James Olmos
471,81,Daniel Day-Lewis
472,81,Lesley Manville
473,81,Vicky Krieps
474,82,Armie Hammer
475,82,Timothée Chalamet
476,82,Michael Stuhlbarg
477,82,Amira Casar
478,82,Esther Garrel
479,82,Victoire Du Bois
480,83,Daniel Kaluuya
481,83,Allison Williams
482,83,Bradley Whitford
483,83,Caleb Landry Jones
484,83,Stephen Root
485,83,Catherine Keener
486,84,Margot Robbie
487,84,Sebastian Stan
488,84,Julianne Nicholson
489,84,Bobby Cannavale
490,84,Allison Janney
491,85,Sin datos
492,86,Daniela Vega
493,86,Francisco Reyes
494,87,Mindy Alper
495,88,Sin datos
496,89,Rachel Shenton
497,89,Maisie Sly
498,89,Rachel Fielding
499,89,Philip York
500,90,Sin datos
501,91,Trevante Rhodes
502,91,André Holland
503,91,Janelle Monáe
504,91,Ashton Sanders
505,91,Jharrel Jerome
506,91,Naomie Harris
507,91,Mahershala Ali
508,92,Ryan Gosling
509,92,Emma Stone
510,92,John Legend
511,92,Rosemarie DeWitt
512,92,Finn Wittrock
513,92,J. K. Simmons
514,93,Andrew Garfield
515,93,Sam Worthington
516,93,Luke Bracey
517,93,Teresa Palmer
518,93,Hugo Weaving
519,93,Rachel Griffiths
520,93,Vince Vaughn
521,94,Casey Affleck
522,94,Michelle Williams
523,94,Kyle Chandler
524,94,Lucas Hedges
525,95,Amy Adams
526,95,Jeremy Renner
527,95,Forest Whitaker
528,95,Michael Stuhlbarg
529,95,Tzi Ma
530,96,Denzel Washington
531,96,Viola Davis
532,96,Stephen McKinley Henderson
533,96,Jovan Adepo
534,96,Russell Hornsby
535,96,Mykelti Williamson
536,96,Saniyya Sidney
537,97,Eddie Redmayne
538,97,Katherine Waterston
539,97,Dan Fogler
540,97,Alison Sudol
541,97,Ezra Miller
542,97,Samantha Morton
543,97,Jon Voight
544,97,Carmen Ejogo
545,97,Ron Perlman
546,97,Colin Farrell
547,97,Johnny Depp
548,98,Neel Sethi
549,98,Bill Murray
550,98,Ben Kingsley
551,98,Idris Elba
552,98,Lupita Nyong'o
553,98,Scarlett Johansson
554,98,Giancarlo Esposito
555,98,Christopher Walken
556,99,Sin datos
557,100,Sin datos
558,101,Shahab Hosseini
559,101,Taraneh Alidoosti
560,102,Dorka Gáspárfalvi
561,102,Dorottya Hais
562,102,Zsófia Szamosi
563,103,Will Smith
564,103,Jared Leto
565,103,Margot Robbie
566,103,Joel Kinnaman
567,103,Viola Davis
568,103,Jai Courtney
569,103,Jay Hernandez
570,103,Adewale Akinnuoye-Agbaje
571,103,Ike Barinholtz
572,103,Scott Eastwood
573,103,Cara Delevingne
574,104,Sin datos
575,105,Ginnifer Goodwin
576,105,Jason Bateman
577,105,Idris Elba
578,105,Jenny Slate
579,105,Nate Torrence
580,105,Bonnie Hunt
581,105,Don Lake
582,105,Tommy Chong
583,105,J. K. Simmons
584,105,Octavia Spencer
585,105,Alan Tudyk
586,105,Shakira
587,106,Mark Ruffalo
588,106,Michael Keaton
589,106,Rachel McAdams
590,106,Liev Schreiber
591,106,John Slattery
592,106,Stanley Tucci
593,107,Tom Hardy
594,107,Charlize Theron
595,107,Nicholas Hoult
596,107,Hugh Keays-Byrne
597,107,Rosie Huntington-Whiteley
598,107,Riley Keough
599,107,Zoë Kravitz
600,107,Abbey Lee
601,107,Courtney Eaton
602,108,Leonardo DiCaprio
603,108,Tom Hardy
604,108,Domhnall Gleeson
605,108,Will Poulter
606,109,Tom Hanks
607,109,Mark Rylance
608,109,Amy Ryan
609,109,Alan Alda
610,110,Christian Bale
611,110,Steve Carell
612,110,Ryan Gosling
613,110,Brad Pitt
614,111,Eddie Redmayne
615,111,Alicia Vikander
616,111,Ben Whishaw
617,111,Sebastian Koch
618,111,Amber Heard
619,111,Matthias Schoenaerts
620,112,Brie Larson
621,112,Jacob Tremblay
622,112,Joan Allen
623,112,Sean Bridgers
624,112,Tom McCamus
625,112,William H. Macy
626,113,Samuel L. Jackson
627,113,Kurt Russell
628,113,Jennifer Jason Leigh
629,113,Walton Goggins
630,113,Demián Bichir
631,113,Tim Roth
632,113,Michael Madsen
633,113,Bruce Dern
634,113,James Parks
635,113,Channing Tatum
636,114,Domhnall Gleeson
637,114,Oscar Isaac
638,114,Alicia Vikander
639,114,Sonoya Mizuno
640,114,Gana Bayarsaikhan
641,114,Corey Johnson
642,115,Amy Poehler
643,115,Phyllis Smith
644,115,Richard Kind
645,115,Bill Hader
646,115,Lewis Black
647,115,Mindy Kaling
648,115,Kaitlyn Dias
649,115,Diane Lane
650,115,Kyle MacLachlan
651,116,Amy Winehouse
652,117,Sin datos
653,118,Sin datos
654,119,Levente Moln
655,119,Urs Rechn
656,120,Daniel Craig
657,120,Christoph Waltz
658,120,Léa Seydoux
659,120,Ben Whishaw
660,120,Naomie Harris
661,120,Dave Bautista
662,120,Monica Bellucci
663,120,Ralph Fiennes
664,121,Matthew Needham
665,121,Eric Richard
666,121,Chloe Pirrie
667,122,Michael Keaton
668,122,Zach Galifianakis
669,122,Edward Norton
670,122,Andrea Riseborough
671,122,Amy Ryan
672,122,Emma Stone
673,122,Naomi Watts
674,123,Ralph Fiennes
675,123,F. Murray Abraham
676,123,Mathieu Amalric
677,123,Adrien Brody
678,123,Willem Dafoe
679,123,Jeff Goldblum
680,123,Harvey Keitel
681,123,Jude Law
682,123,Bill Murray
683,123,Edward Norton
684,123,Saoirse Ronan
685,123,Jason Schwartzman
686,123,Léa Seydoux
687,123,Tilda Swinton
688,123,Tom Wilkinson
689,123,Owen Wilson
690,123,Tony Revolori
691,124,Miles Teller
692,124,J. K. Simmons
693,124,Paul Reiser
694,125,Benedict Cumberbatch
695,125,Keira Knightley
696,125,Matthew Goode
697,125,Rory Kinnear
698,125,Charles Dance
699,125,Mark Strong
700,126,Bradley Cooper
701,126,Sienna Miller
702,126,Luke Grimes
703,126,Jake McDorman
704,126,Cory Hardrict
705,126,Kevin Lacz
706,126,Navid Negahban
707,126,Keir O'Donnell
708,127,Patricia Arquette
709,127,Ellar Coltrane
710,127,Lorelei Linklater
711,127,Ethan Hawke
712,128,Matthew McConaughey
713,128,Anne Hathaway
714,128,Jessica Chastain
715,128,Bill Irwin
716,128,Ellen Burstyn
717,128,Michael Caine
718,129,Eddie Redmayne
719,129,Felicity Jones
720,129,Charlie Cox
721,129,Emily Watson
722,129,Simon McBurney
723,129,David Thewlis
724,129,Maxine Peake
725,130,Agata Kulesza
726,130,Agata Trzebuchowska
727,130,Dawid Ogrodnik
728,131,David Oyelowo
729,131,Carmen Ejogo
730,131,Tom Wilkinson
731,131,Giovanni Ribisi
732,131,Alessandro Nivola
733,131,Cuba Gooding Jr.
734,131,Tim Roth
735,131,Oprah Winfrey
736,132,Edward Snowden
737,132,Glenn Greenwald
738,132,William Binney
739,132,Jacob Appelbaum
740,132,Ewen MacAskill
741,133,Scott Adsit
742,133,Ryan Potter
743,133,Daniel Henney
744,133,T.J. Miller
745,133,Jamie Chung
746,133,Damon Wayans Jr.
747,133,Genesis Rodriguez
748,133,James Cromwell
749,133,Maya Rudolph
750,133,Alan Tudyk
751,134,Sin datos
752,135,Sally Hawkins
753,136,Julianne Moore
754,136,Alec Baldwin
755,136,Kristen Stewart
756,136,Kate Bosworth
757,136,Hunter Parrish
758,137,Tommy Snider
759,137,Katie Lowes
760,138,Chiwetel Ejiofor
761,138,Michael Fassbender
762,138,Benedict Cumberbatch
763,138,Paul Dano
764,138,Garret Dillahunt
765,138,Paul Giamatti
766,138,Scoot McNairy
767,138,Lupita Nyong'o
768,138,Adepero Oduye
769,138,Sarah Paulson
770,138,Brad Pitt
771,138,Michael Kenneth Williams
772,138,Alfre Woodard
773,139,Sandra Bullock
774,139,George Clooney
775,140,Matthew McConaughey
776,140,Jennifer Garner
777,140,Jared Leto
778,141,Kristen Bell
779,141,Idina Menzel
780,141,Jonathan Groff
781,141,Josh Gad
782,141,Santino Fontana
783,142,Leonardo DiCaprio
784,142,Tobey Maguire
785,142,Carey Mulligan
786,142,Joel Edgerton
787,142,Isla Fisher
788,142,Jason Clarke
789,143,Joaquin Phoenix
790,143,Amy Adams
791,143,Rooney Mara
792,143,Olivia Wilde
793,143,Scarlett Johansson
794,144,Cate Blanchett
795,144,Sally Hawkins
796,144,Alec Baldwin
797,144,Peter Sarsgaard
798,144,Louis C.K.
799,144,Andrew Dice Clay
800,144,Bobby Cannavale
801,144,Michael Stuhlbarg
802,145,Sin datos
803,146,Alice Herz
804,147,Casper Crump
805,147,Pelle Falk
806,147,Marijana Jankovic
807,148,Toni Servillo
808,148,Carlo Verdone
809,148,Sabrina Ferilli
810,149,Darlene Love
811,149,Judith Hill
812,149,Merry Clayton
813,149,Lisa Fischer
814,149,Tata Vega
815,149,Jo Lawry
816,150,Ben Affleck
817,150,Bryan Cranston
818,150,Alan Arkin
819,150,John Goodman
820,151,Suraj Sharma
821,151,Irrfan Khan
822,151,Rafe Spall
823,151,Tabu
824,151,Adil Hussain
825,151,Gérard Depardieu
826,152,Hugh Jackman
827,152,Russell Crowe
828,152,Anne Hathaway
829,152,Amanda Seyfried
830,152,Eddie Redmayne
831,152,Helena Bonham Carter
832,152,Sacha Baron Cohen
833,153,Daniel Day-Lewis
834,153,Sally Field
835,153,David Strathairn
836,153,Joseph Gordon-Levitt
837,153,James Spader
838,153,Hal Holbrook
839,153,Tommy Lee Jones
840,154,Jamie Foxx
841,154,Christoph Waltz
842,154,Leonardo DiCaprio
843,154,Kerry Washington
844,154,Samuel L. Jackson
845,154,Walton Goggins
846,154,Dennis Christopher
847,154,James Remar
848,154,Michael Parks
849,154,Don Johnson
850,155,Daniel Craig
851,155,Javier Bardem
852,155,Ralph Fiennes
853,155,Naomie Harris
854,155,Albert Finney
855,155,Judi Dench
856,156,Bradley Cooper
857,156,Jennifer Lawrence
858,156,Robert De Niro
859,156,Jacki Weaver
860,156,Anupam Kher
861,156,Chris Tucker
862,157,Jessica Chastain
863,157,Jason Clarke
864,157,Joel Edgerton
865,157,Reda Kateb
866,157,Mark Strong
867,157,James Gandolfini
868,157,Kyle Chandler
869,157,Stephen Dillane
870,157,Chris Pratt
871,157,Édgar Ramírez
872,157,Fares Fares
873,157,Jennifer Ehle
874,157,John Barrowman
875,157,Mark Duplass
876,157,Harold Perrineau
877,157,Frank Grillo
878,158,Louis Trintignant
879,158,Emmanuelle Riva
880,158,Isabelle Huppert
881,159,Keira Knightley
882,159,Jude Law
883,159,Aaron Johnson
884,159,Kelly Macdonald
885,159,Matthew Macfadyen
886,159,Domhnall Gleeson
887,159,Ruth Wilson
888,159,Alicia Vikander
889,159,Olivia Williams
890,159,Emily Watson
891,160,John Kahrs
892,160,Kari Wahlgren
893,161,Kelly Macdonald
894,161,Emma Thompson
895,161,Billy Connolly
896,161,Julie Walters
897,161,Robbie Coltrane
898,161,Kevin McKidd
899,161,Craig Ferguson
900,162,Sixto Rodriguez
901,163,Sin datos
902,164,Shawn Christensen
903,164,Kim Allen
904,165,Jean Dujardin
905,165,Bérénice Bejo
906,165,James Cromwell
907,165,Penelope Ann Miller
908,165,Malcolm McDowell
909,165,Missi Pyle
910,165,Beth Grant
911,165,Ed Lauter
912,165,Joel Murray
913,165,Ken Davitian
914,165,John Goodman
915,166,Ben Kingsley
916,166,Sacha Baron Cohen
917,166,Asa Butterfield
918,166,Chloë Grace Moretz
919,166,Ray Winstone
920,166,Emily Mortimer
921,166,Jude Law
922,167,Meryl Streep
923,167,Jim Broadbent
924,167,Olivia Colman
925,167,Roger Allam
926,167,Susan Brown
927,167,Nick Dunning
928,167,Nicholas Farrell
929,167,Iain Glen
930,167,Richard E. Grant
931,167,Anthony Head
932,167,Harry Lloyd
933,167,Michael Maloney
934,167,Michael Pennington
935,167,Alexandra Roach
936,167,Amanda Root
937,167,Pip Torrens
938,167,Julian Wadham
939,167,David Westhead
940,167,Angus Wright
941,168,George Clooney
942,168,Shailene Woodley
943,168,Beau Bridges
944,168,Judy Greer
945,169,Daniel Craig
946,169,Rooney Mara
947,169,Christopher Plummer
948,169,Stellan Skarsgård
949,169,Steven Berkoff
950,169,Robin Wright
951,169,Yorick van Wageningen
952,169,Joely Richardson
953,170,Kathy Bates
954,170,Adrien Brody
955,170,Carla Bruni
956,170,Marion Cotillard
957,170,Rachel McAdams
958,170,Michael Sheen
959,170,Owen Wilson
960,171,Jessica Chastain
961,171,Viola Davis
962,171,Bryce Dallas Howard
963,171,Allison Janney
964,171,Octavia Spencer
965,171,Emma Stone
966,171,Sissy Spacek
967,172,Leila Hatami
968,172,Peyman Moaadi
969,172,Shahab Hosseini
970,172,Kimiya Hosseini
971,172,Babak Karimi
972,172,Sareh Bayat
973,172,Sarina Farhadi
974,172,Merila Zarei
975,173,Sin datos
976,174,Conleth Hill
977,174,Kerry Condon
978,174,Maggie Cronin
979,175,Sin datos
980,176,Jason Segel
981,176,Amy Adams
982,176,Chris Cooper
983,176,Rashida Jones
984,176,Steve Whitmire
985,176,Eric Jacobson
986,176,Dave Goelz
987,176,Bill Barretta
988,176,David Rudman
989,176,Matt Vogel
990,176,Peter Linz
991,177,Dr Mohammad
992,178,Ewan McGregor
993,178,Christopher Plummer
994,178,Mélanie Laurent
995,178,Goran Višnjić
996,179,Johnny Depp
997,179,Isla Fisher
998,179,Abigail Breslin
999,179,Ned Beatty
1000,179,Alfred Molina
1001,179,Bill Nighy
1002,179,Harry Dean Stanton
1003,179,Ray Winstone
1004,179,Timothy Olyphant
1005,180,Colin Firth
1006,180,Geoffrey Rush
1007,180,Helena Bonham Carter
1008,180,Guy Pearce
1009,180,Timothy Spall
1010,180,Derek Jacobi
1011,180,Jennifer Ehle
1012,180,Michael Gambon
1013,180,Claire Bloom
1014,181,Leonardo DiCaprio
1015,181,Ken Watanabe
1016,181,Joseph Gordon-Levitt
1017,181,Marion Cotillard
1018,181,Elliot Page[a]
1019,181,Tom Hardy
1020,181,Cillian Murphy
1021,181,Tom Berenger
1022,181,Michael Caine
1023,182,Jesse Eisenberg
1024,182,Andrew Garfield
1025,182,Justin Timberlake
1026,182,Armie Hammer
1027,182,Max Minghella
1028,183,Mark Wahlberg
1029,183,Christian Bale
1030,183,Amy Adams
1031,183,Melissa Leo
1032,184,Tom Hanks
1033,184,Tim Allen
1034,184,Joan Cusack
1035,184,Don Rickles
1036,184,Wallace Shawn
1037,184,John Ratzenberger
1038,184,Estelle Harris
1039,184,Ned Beatty
1040,184,Michael Keaton
1041,184,Jodi Benson
1042,184,John Morris
1043,185,Johnny Depp
1044,185,Anne Hathaway
1045,185,Helena Bonham Carter
1046,185,Crispin Glover
1047,185,Matt Lucas
1048,185,Mia Wasikowska
1049,185,Alan Rickman
1050,185,Stephen Fry
1051,185,Michael Sheen
1052,185,Timothy Spall
1053,186,Natalie Portman
1054,186,Vincent Cassel
1055,186,Mila Kunis
1056,186,Barbara Hershey
1057,186,Winona Ryder
1058,187,Mikael Persbrandt
1059,187,Trine Dyrholm
1060,187,Ulrich Thomsen
1061,187,Markus Rygaard
1062,187,Juels Nielsen
1063,188,Sin datos
1064,189,Luke Matheny
1065,189,Christopher Hirsh
1066,189,Marian Brock
1067,189,Emily Young
1068,189,Miguel Rosales
1069,189,Elizabeth Olin
1070,189,Francesca Mclaughlin
1071,189,Mark Gessner
1072,189,David Ross
1073,189,Andrea Mustain
1074,189,Priya Dewan
1075,190,Benicio del Toro
1076,190,Anthony Hopkins
1077,190,Emily Blunt
1078,190,Hugo Weaving
1079,191,Sin datos
1080,192,Sin datos
1081,193,Jeremy Renner
1082,193,Anthony Mackie
1083,193,Brian Geraghty
1084,193,Evangeline Lilly
1085,193,Ralph Fiennes
1086,193,David Morse
1087,193,Guy Pearce
1088,194,Sam Worthington
1089,194,Zoe Saldana
1090,194,Stephen Lang
1091,194,Michelle Rodriguez
1092,194,Sigourney Weaver
1093,195,Paula Patton
1094,195,Mariah Carey
1095,195,Sherri Shepherd
1096,195,Lenny Kravitz
1097,195,Gabourey Sidibe
1098,196,Ed Asner
1099,196,Christopher Plummer
1100,196,Jordan Nagai
1101,196,Bob Peterson
1102,197,Jeff Bridges
1103,197,Maggie Gyllenhaal
1104,197,Robert Duvall
1105,198,Brad Pitt
1106,198,Christoph Waltz
1107,198,Michael Fassbender
1108,198,Eli Roth
1109,198,Diane Kruger
1110,198,Daniel Brühl
1111,198,Til Schweiger
1112,198,Mélanie Laurent
1113,198,B. J. Novak
1114,198,August Diehl
1115,198,Julie Dreyfus
1116,198,Sylvester Groth
1117,198,Jacky Ido
1118,198,Denis Menochet
1119,198,Mike Myers
1120,198,Rod Taylor
1121,198,Martin Wuttke
1122,199,John Cho
1123,199,Ben Cross
1124,199,Bruce Greenwood
1125,199,Simon Pegg
1126,199,Chris Pine
1127,199,Zachary Quinto
1128,199,Winona Ryder
1129,199,Zoe Saldana
1130,199,Karl Urban
1131,199,Anton Yelchin
1132,199,Eric Bana
1133,199,Leonard Nimoy
1134,200,Emily Blunt
1135,200,Rupert Friend
1136,200,Paul Bettany
1137,200,Miranda Richardson
1138,200,Jim Broadbent
1139,200,Thomas Kretschmann
1140,200,Mark Strong
1141,200,Jesper Christensen
1142,200,Harriet Walter
1143,201,Sandra Bullock
1144,201,Tim McGraw
1145,201,Quinton Aaron
1146,201,Lily Collins
1147,201,Jae Head
1148,201,Kim Dickens
1149,201,Kathy Bates
1150,202,Prudence Mabhena
1151,202,Tapiwa Nyengera
1152,202,Energy Maburutse
1153,202,Honest Mupatse
1154,202,Marvelous Mbulo
1155,202,Vusani Vuma
1156,202,Goodwell Nzou
1157,202,Farai Mabhande
1158,203,Ricardo Darín
1159,203,Soledad Villamil
1160,203,Pablo Rago
1161,203,Javier Godino
1162,203,Guillermo Francella
1163,204,Louie Psihoyos
1164,205,Kevin Corrigan
1165,205,David Rakoff
1166,206,Bob Stephenson
1167,206,David Fincher
1168,206,Aja Evans
1169,206,Sherman Augustus
1170,206,Joel Michaely
1171,206,Matt Winston
1172,207,Dev Patel
1173,207,Freida Pinto
1174,207,Madhur Mittal
1175,207,Anil Kapoor
1176,207,Irrfan Khan
1177,208,Brad Pitt
1178,208,Cate Blanchett
1179,208,Mahershala Ali
1180,208,Taraji P. Henson
1181,208,Julia Ormond
1182,208,Jason Flemyng
1183,208,Elias Koteas
1184,208,Tilda Swinton
1185,209,Sean Penn
1186,209,Emile Hirsch
1187,209,Josh Brolin
1188,209,Diego Luna
1189,209,James Franco
1190,210,Christian Bale
1191,210,Michael Caine
1192,210,Heath Ledger
1193,210,Gary Oldman
1194,210,Aaron Eckhart
1195,210,Maggie Gyllenhaal
1196,210,Morgan Freeman
1197,211,Ben Burtt
1198,211,Elissa Knight
1199,211,Jeff Garlin
1200,211,Fred Willard
1201,211,John Ratzenberger
1202,211,Kathy Najimy
1203,211,Sigourney Weaver
1204,212,Kate Winslet
1205,212,Ralph Fiennes
1206,212,David Kross
1207,212,Lena Olin
1208,212,Bruno Ganz
1209,213,Keira Knightley
1210,213,Ralph Fiennes
1211,213,Charlotte Rampling
1212,213,Dominic Cooper
1213,213,Hayley Atwell
1214,213,Simon Mcburney
1215,213,Aidan Mcardle
1216,213,John Shrapnel
1217,214,Masahiro Motoki
1218,214,Ryōko Hirosue
1219,214,Tsutomu Yamazaki
1220,215,Javier Bardem
1221,215,Penélope Cruz
1222,215,Rebecca Hall
1223,215,Scarlett Johansson
1224,216,Sin datos
1225,217,Philippe Petit
1226,218,Cedric Eich
1227,218,Tamay Bulut
1228,218,Torsten Michaelis
1229,218,Gregor Weber
1230,218,Matthias Paul
1231,219,Sin datos
1232,220,Tommy Lee Jones
1233,220,Javier Bardem
1234,220,Josh Brolin
1235,221,Matt Damon
1236,221,Julia Stiles
1237,221,David Strathairn
1238,221,Scott Glenn
1239,221,Paddy Considine
1240,221,Édgar Ramírez
1241,221,Albert Finney
1242,221,Joan Allen
1243,222,Daniel Day-Lewis
1244,222,Paul Dano
1245,222,Kevin J. O'Connor
1246,222,Ciarán Hinds
1247,222,Dillon Freasier
1248,223,Marion Cotillard
1249,223,Sylvie Testud
1250,223,Pascal Greggory
1251,223,Emmanuelle Seigner
1252,223,Jean-Paul Rouve
1253,223,Gérard Depardieu
1254,223,Clotilde Courau
1255,223,Jean-Pierre Martins
1256,223,Catherine Allégret
1257,223,Marc Barbé
1258,224,James McAvoy
1259,224,Keira Knightley
1260,224,Romola Garai
1261,224,Saoirse Ronan
1262,224,Vanessa Redgrave
1263,225,George Clooney
1264,225,Tom Wilkinson
1265,225,Tilda Swinton
1266,225,Sydney Pollack
1267,226,Patton Oswalt
1268,226,Ian Holm
1269,226,Lou Romano
1270,226,Brad Garrett
1271,226,Peter O'Toole
1272,226,Janeane Garofalo
1273,226,Brian Dennehy
1274,226,Peter Sohn
1275,226,Will Arnett
1276,227,Elliot Page[a]
1277,227,Michael Cera
1278,227,Jennifer Garner
1279,227,Jason Bateman
1280,227,Allison Janney
1281,227,J. K. Simmons
1282,228,Johnny Depp
1283,228,Helena Bonham Carter
1284,228,Alan Rickman
1285,228,Timothy Spall
1286,228,Sacha Baron Cohen
1287,228,Jamie Campbell Bower
1288,229,Nicole Kidman
1289,229,Daniel Craig
1290,229,Sam Elliott
1291,229,Eva Green
1292,229,Ian McKellen
1293,229,Dakota Blue Richards
1294,230,Cate Blanchett
1295,230,Geoffrey Rush
1296,230,Clive Owen
1297,230,Rhys Ifans
1298,230,Jordi Moll
1299,230,Abbie Cornish
1300,230,Samantha Morton
1301,231,Sin datos
1302,232,Sin datos
1303,233,Glen Hansard
1304,234,Matteo Razzouki
1305,234,Philippe Pollet
1306,235,Karl Markovics
1307,235,August Diehl
1308,235,Devid Striesow
1309,236,Laurel Hester
1310,236,Stacie Andree
1311,237,Leonardo DiCaprio
1312,237,Matt Damon
1313,237,Jack Nicholson
1314,237,Mark Wahlberg
1315,237,Martin Sheen
1316,237,Ray Winstone
1317,237,Vera Farmiga
1318,237,Alec Baldwin
1319,237,Anthony Anderson
1320,237,James Badge Dale
1321,238,Sergi López
1322,238,Maribel Verdú
1323,238,Ivana Baquero
1324,238,Doug Jones
1325,238,Ariadna Gil
1326,238,Álex Angulo
1327,239,Jamie Foxx
1328,239,Beyoncé Knowles
1329,239,Eddie Murphy
1330,239,Danny Glover
1331,239,Anika Noni Rose
1332,239,Keith Robinson
1333,239,Jennifer Hudson
1334,240,Greg Kinnear
1335,240,Steve Carell
1336,240,Toni Collette
1337,240,Paul Dano
1338,240,Abigail Breslin
1339,240,Alan Arkin
1340,241,Al Gore
1341,242,Brad Pitt
1342,242,Cate Blanchett
1343,242,Gael García Bernal
1344,242,Kōji Yakusho
1345,242,Adriana Barraza
1346,242,Rinko Kikuchi
1347,243,Helen Mirren
1348,243,Michael Sheen
1349,243,James Cromwell
1350,243,Helen McCrory
1351,243,Alex Jennings
1352,243,Roger Allam
1353,243,Sylvia Syms
1354,244,Ken Watanabe
1355,244,Kazunari Ninomiya
1356,244,Tsuyoshi Ihara
1357,244,Ryō Kase
1358,244,Shidō Nakamura
1359,245,Johnny Depp
1360,245,Orlando Bloom
1361,245,Keira Knightley
1362,245,Stellan Skarsgård
1363,245,Bill Nighy
1364,245,Jack Davenport
1365,245,Kevin R. McNally
1366,245,Jonathan Pryce
1367,246,Sin datos
1368,247,Elijah Wood
1369,247,Robin Williams
1370,247,Brittany Murphy
1371,247,Hugh Jackman
1372,247,Nicole Kidman
1373,247,Hugo Weaving
1374,247,Anthony LaPaglia
1375,247,Magda Szubanski
1376,247,Steve Irwin
1377,248,Forest Whitaker
1378,248,James McAvoy
1379,248,Kerry Washington
1380,248,Simon McBurney
1381,248,Gillian Anderson
1382,249,Ulrich Mühe
1383,249,Martina Gedeck
1384,249,Sebastian Koch
1385,249,Ulrich Tukur
1386,250,Kirsten Dunst
1387,250,Jason Schwartzman
1388,250,Judy Davis
1389,250,Rip Torn
1390,250,Rose Byrne
1391,250,Asia Argento
1392,250,Molly Shannon
1393,250,Shirley Henderson
1394,250,Danny Huston
1395,250,Steve Coogan
1396,251,Ben Newmark
1397,251,Noureen De
1398,251,Joey Naber
1399,252,Sin datos
1400,253,Sandra Bullock
1401,253,Don Cheadle
1402,253,Matt Dillon
1403,253,Jennifer Esposito
1404,253,William Fichtner
1405,253,Brendan Fraser
1406,253,Terrence Howard
1407,253,"Chris ""Ludacris"" Bridges"
1408,253,Thandiwe Newton
1409,253,Ryan Phillippe
1410,253,Larenz Tate
1411,254,Heath Ledger
1412,254,Jake Gyllenhaal
1413,254,Linda Cardellini
1414,254,Anna Faris
1415,254,Anne Hathaway
1416,254,Michelle Williams
1417,254,Randy Quaid
1418,255,Zhang Ziyi
1419,255,Ken Watanabe
1420,255,Michelle Yeoh
1421,255,Kōji Yakusho
1422,255,Youki Kudoh
1423,255,Kaori Momoi
1424,255,Gong Li
1425,256,Naomi Watts
1426,256,Jack Black
1427,256,Adrien Brody
1428,256,Thomas Kretschmann
1429,256,Colin Hanks
1430,256,Jamie Bell
1431,256,Andy Serkis
1432,257,Philip Seymour Hoffman
1433,257,Catherine Keener
1434,257,Clifton Collins Jr.
1435,257,Bruce Greenwood
1436,257,Mark Pellegrino
1437,257,Amy Ryan
1438,257,Chris Cooper
1439,258,Joaquin Phoenix
1440,258,Reese Witherspoon
1441,258,Ginnifer Goodwin
1442,258,Robert Patrick
1443,259,Ralph Fiennes
1444,259,Rachel Weisz
1445,259,Danny Huston
1446,259,Bill Nighy
1447,259,Pete Postlethwaite
1448,260,William Moseley
1449,260,Anna Popplewell
1450,260,Skandar Keynes
1451,260,Georgie Henley
1452,260,Tilda Swinton
1453,260,James McAvoy
1454,260,Jim Broadbent
1455,260,Liam Neeson
1456,261,Terrence Howard
1457,261,Anthony Anderson
1458,261,Taryn Manning
1459,261,Taraji P. Henson
1460,261,Paula Jai Parker
1461,261,Elise Neal
1462,261,DJ Qualls
1463,261,Ludacris
1464,262,George Clooney
1465,262,Matt Damon
1466,262,Jeffrey Wright
1467,262,Chris Cooper
1468,262,William Hurt
1469,262,Mazhar Munir
1470,262,Tim Blake Nelson
1471,262,Amanda Peet
1472,262,Christopher Plummer
1473,262,Alexander Siddig
1474,263,Sin datos
1475,264,Brendan Gleeson
1476,264,Conroy David
1477,265,Sin datos
1478,266,Sin datos
1479,267,Presley Chweneyagae
1480,268,Peter Sallis
1481,268,Ralph Fiennes
1482,268,Helena Bonham
1483,268,Peter Kay
1484,269,Clint Eastwood
1485,269,Hilary Swank
1486,269,Morgan Freeman
1487,270,Leonardo Di
1488,270,Cate Blanchett
1489,270,Kate Beckinsale
1490,270,Alec Baldwin
1491,270,Alan Alda
1492,270,Jude Law
1493,271,Jamie Foxx
1494,271,Kerry Washington
1495,271,Clifton Powell
1496,271,Harry Lennix
1497,271,Terrence Howard
1498,271,Larenz Tate
1499,271,Richard Schiff
1500,271,Regina King
1501,272,Craig T. Nelson
1502,272,Holly Hunter
1503,272,Sarah Vowell
1504,272,Spencer Fox
1505,272,Jason Lee
1506,272,Samuel L. Jackson
1507,272,Elizabeth Peña
1508,273,Johnny Depp
1509,273,Kate Winslet
1510,273,Julie Christie
1511,273,Radha Mitchell
1512,273,Dustin Hoffman
1513,273,Freddie Highmore
1514,274,Paul Giamatti
1515,274,Thomas Haden Church
1516,274,Virginia Madsen
1517,274,Sandra Oh
1518,275,Jim Carrey
1519,275,Liam Aiken
1520,275,Emily Browning
1521,275,Timothy Spall
1522,275,Catherine O'Hara
1523,275,Billy Connolly
1524,275,Cedric the Entertainer
1525,275,Luis Guzmán
1526,275,Jennifer Coolidge
1527,275,Meryl Streep
1528,276,Tobey Maguire
1529,276,Kirsten Dunst
1530,276,James Franco
1531,276,Alfred Molina
1532,276,Rosemary Harris
1533,276,Donna Murphy
1534,277,Jim Carrey
1535,277,Kate Winslet
1536,277,Kirsten Dunst
1537,277,Mark Ruffalo
1538,277,Elijah Wood
1539,277,Tom Wilkinson
1540,278,Gael Garc
1541,279,Javier Bardem
1542,279,Lola Due
1543,279,Mabel Rivera
1544,279,Celso Bugallo
1545,280,Shanti Das
1546,280,Puja Mukerjee
1547,280,Avijit Halder
1548,281,Sin datos
1549,282,Natalie Press
1550,283,Ryan Larkin
1551,283,Chris Landreth
1552,283,Felicity Fanjoy
1553,283,Derek Lamb
1554,284,Elijah Wood
1555,284,Ian McKellen
1556,284,Liv Tyler
1557,284,Viggo Mortensen
1558,284,Sean Astin
1559,284,Cate Blanchett
1560,284,John Rhys-Davies
1561,284,Bernard Hill
1562,284,Billy Boyd
1563,284,Dominic Monaghan
1564,284,Orlando Bloom
1565,284,Hugo Weaving
1566,284,Miranda Otto
1567,284,David Wenham
1568,284,Karl Urban
1569,284,John Noble
1570,284,Andy Serkis
1571,284,Ian Holm
1572,284,Sean Bean
1573,285,Russell Crowe
1574,285,Paul Bettany
1575,286,Sean Penn
1576,286,Tim Robbins
1577,286,Kevin Bacon
1578,286,Laurence Fishburne
1579,286,Marcia Gay Harden
1580,286,Laura Linney
1581,287,Jude Law
1582,287,Nicole Kidman
1583,287,Renée Zellweger
1584,287,Eileen Atkins
1585,287,Brendan Gleeson
1586,287,Philip Seymour Hoffman
1587,287,Natalie Portman
1588,287,Giovanni Ribisi
1589,287,Donald Sutherland
1590,287,Ray Winstone
1591,288,Bill Murray
1592,288,Scarlett Johansson
1593,288,Giovanni Ribisi
1594,288,Anna Faris
1595,288,Fumihiro Hayashi
1596,289,Albert Brooks
1597,289,Ellen DeGeneres
1598,289,Alexander Gould
1599,289,Willem Dafoe
1600,289,Geoffrey Rush
1601,290,Louise Portal
1602,290,Marina Hands
1603,291,Jonathan Furr
1604,291,Ben Allison
1605,292,Charlize Theron
1606,292,Christina Ricci
1607,292,Bruce Dern
1608,292,Lee Tergesen
1609,293,John Flaus
1610,293,Julie Forsyth
1611,294,Sin datos
1612,295,Robert Mcnamara
1613,296,Renée Zellweger
1614,296,Catherine Zeta-Jones
1615,296,Richard Gere
1616,296,Queen Latifah
1617,296,John C. Reilly
1618,296,Christine Baranski
1619,296,Taye Diggs
1620,296,Lucy Liu
1621,296,Colm Feore
1622,296,Dominic West
1623,297,Adrien Brody
1624,297,Thomas Kretschmann
1625,297,Frank Finlay
1626,297,Maureen Lipman
1627,297,Emilia Fox
1628,297,Ed Stoppard
1629,297,Julia Rayner
1630,297,Jessica Kate Meyer
1631,298,Elijah Wood
1632,298,Ian McKellen
1633,298,Liv Tyler
1634,298,Viggo Mortensen
1635,298,Sean Astin
1636,298,Cate Blanchett
1637,298,John Rhys-Davies
1638,298,Bernard Hill
1639,298,Christopher Lee
1640,298,Billy Boyd
1641,298,Dominic Monaghan
1642,298,Orlando Bloom
1643,298,Hugo Weaving
1644,298,Miranda Otto
1645,298,David Wenham
1646,298,Brad Dourif
1647,298,Karl Urban
1648,298,Andy Serkis
1649,299,Salma Hayek
1650,299,Alfred Molina
1651,299,Geoffrey Rush
1652,299,Valeria Golino
1653,299,Mía Maestro
1654,299,Roger Rees
1655,299,Antonio Banderas
1656,299,Edward Norton
1657,300,Meryl Streep
1658,300,Julianne Moore
1659,300,Nicole Kidman
1660,300,Ed Harris
1661,300,Toni Collette
1662,300,Claire Danes
1663,300,Jeff Daniels
1664,300,Stephen Dillane
1665,300,Allison Janney
1666,300,Miranda Richardson
1667,301,Tom Hanks
1668,301,Paul Newman
1669,301,Jude Law
1670,301,Jennifer Jason Leigh
1671,301,Stanley Tucci
1672,301,Daniel Craig
1673,302,Nicolas Cage
1674,302,Meryl Streep
1675,302,Chris Cooper
1676,303,Javier Cámara
1677,303,Darío Grandinetti
1678,303,Leonor Watling
1679,303,Geraldine Chaplin
1680,303,Rosario Flores
1681,304,Martin Buch
1682,304,Camilla Bendix
1683,305,Rumi Hiiragi
1684,305,Miyu Irino
1685,305,Mari Natsuki
1686,305,Takashi Naito
1687,305,Yasuko Sawaguchi
1688,305,Tsunehiko Kamijō
1689,305,Takehiko Ono
1690,305,Bunta Sugawara
1691,306,Merab Ninidze
1692,307,Bradford Simonsen
1693,307,Jeff Wolverton
1694,307,Eric Armstrong
1695,307,Mortonette Jenkins
1696,307,Peter Lurie
1697,307,Rick Zieff
1698,308,Tommy Buda
1699,309,Michael Moore
1700,310,Eminem
1701,310,Mekhi Phifer
1702,310,Brittany Murphy
1703,310,Kim Basinger
1704,311,Russell Crowe
1705,311,Ed Harris
1706,311,Jennifer Connelly
1707,311,Paul Bettany
1708,311,Adam Goldberg
1709,311,Judd Hirsch
1710,311,Josh Lucas
1711,311,Anthony Rapp
1712,311,Christopher Plummer
1713,312,Elijah Wood
1714,312,Ian McKellen
1715,312,Liv Tyler
1716,312,Viggo Mortensen
1717,312,Sean Astin
1718,312,Cate Blanchett
1719,312,John Rhys-Davies
1720,312,Billy Boyd
1721,312,Dominic Monaghan
1722,312,Orlando Bloom
1723,312,Christopher Lee
1724,312,Hugo Weaving
1725,312,Sean Bean
1726,312,Ian Holm
1727,312,Andy Serkis
1728,313,Nicole Kidman
1729,313,Ewan McGregor
1730,313,John Leguizamo
1731,313,Jim Broadbent
1732,313,Richard Roxburgh
1733,314,Josh Hartnett
1734,314,Ewan McGregor
1735,314,Eric Bana
1736,314,Tom Sizemore
1737,314,William Fichtner
1738,314,Sam Shepard
1739,315,Eileen Atkins
1740,315,Bob Balaban
1741,315,Alan Bates
1742,315,Charles Dance
1743,315,Stephen Fry
1744,315,Michael Gambon
1745,315,Derek Jacobi
1746,315,Kelly Macdonald
1747,315,Helen Mirren
1748,315,Jeremy Northam
1749,315,Clive Owen
1750,315,Ryan Phillippe
1751,315,Maggie Smith
1752,315,Kristin Scott
1753,315,Emily Watson
1754,316,John Goodman
1755,316,Billy Crystal
1756,316,Steve Buscemi
1757,316,James Coburn
1758,316,Jennifer Tilly
1759,316,Mary Gibbs
1760,317,Ben Affleck
1761,317,Josh Hartnett
1762,317,Kate Beckinsale
1763,317,Cuba Gooding Jr.
1764,317,Tom Sizemore
1765,317,Jon Voight
1766,317,Colm Feore
1767,317,Alec Baldwin
1768,318,Judi Dench
1769,318,Kate Winslet
1770,318,Jim Broadbent
1771,318,Hugh Bonneville
1772,319,Mike Myers
1773,319,Eddie Murphy
1774,319,Cameron Diaz
1775,319,John Lithgow
1776,320,Denzel Washington
1777,320,Ethan Hawke
1778,320,Scott Glenn
1779,320,Cliff Curtis
1780,320,Dr. Dre
1781,320,Snoop Dogg
1782,321,Billy Bob
1783,321,Heath Ledger
1784,321,Halle Berry
1785,321,Sean Combs
1786,321,Mos Def
1787,321,Peter Boyle
1788,322,
1789,323,Ralph Eggleston
1790,324,Rene Bitorajac
1791,325,Sin datos
1792,326,Ray Mckinnon
1793,326,Walton Goggins
1794,327,Russell Crowe
1795,327,Joaquin Phoenix
1796,327,Connie Nielsen
1797,327,Oliver Reed
1798,327,Derek Jacobi
1799,327,Djimon Hounsou
1800,327,Richard Harris
1801,328,Chow Yun-fat
1802,328,Michelle Yeoh
1803,328,Zhang Ziyi
1804,328,Chang Chen
1805,328,Lang Sihung
1806,328,Cheng Pei-pei
1807,329,Michael Douglas
1808,329,Don Cheadle
1809,329,Benicio del Toro
1810,329,Dennis Quaid
1811,329,Catherine Zeta-Jones
1812,329,Luis Guzmán
1813,330,Julia Roberts
1814,330,Albert Finney
1815,330,Aaron Eckhart
1816,331,Patrick Fugit
1817,331,Billy Crudup
1818,331,Frances McDormand
1819,331,Kate Hudson
1820,331,Jason Lee
1821,331,Anna Paquin
1822,331,Fairuza Balk
1823,331,Noah Taylor
1824,331,Philip Seymour Hoffman
1825,332,Michael Douglas
1826,332,Tobey Maguire
1827,332,Frances McDormand
1828,332,Katie Holmes
1829,332,Rip Torn
1830,332,Robert Downey Jr.
1831,333,Jim Carrey
1832,333,Taylor Momsen
1833,333,Jeffrey Tambor
1834,333,Christine Baranski
1835,333,Bill Irwin
1836,333,Molly Shannon
1837,334,Matthew McConaughey
1838,334,Bill Paxton
1839,334,Harvey Keitel
1840,334,Jon Bon Jovi
1841,334,Jake Weber
1842,334,Erik Palladino
1843,334,Matthew Settle
1844,334,David Keith
1845,334,Thomas Kretschmann
1846,335,Ed Harris
1847,335,Marcia Gay Harden
1848,335,Tom Bower
1849,335,Jennifer Connelly
1850,335,Bud Cort
1851,335,John Heard
1852,335,Val Kilmer
1853,335,Robert Knott
1854,335,David Leary
1855,335,Amy Madigan
1856,335,Sally Murphy
1857,335,Molly Regan
1858,335,Stephanie Seymour
1859,335,Matthew Sussman
1860,335,Jeffrey Tambor
1861,335,Sada Thompson
1862,335,Norbert Weisser
1863,336,Sin datos
1864,337,Sin datos
1865,338,Emilio Perez
1866,338,Fernando Pena
1867,339,Sin datos
1868,340,Kevin Spacey
1869,340,Annette Bening
1870,340,Thora Birch
1871,340,Allison Janney
1872,340,Peter Gallagher
1873,340,Mena Suvari
1874,340,Wes Bentley
1875,340,Chris Cooper
1876,341,Keanu Reeves
1877,341,Laurence Fishburne
1878,341,Carrie-Anne Moss
1879,341,Hugo Weaving
1880,341,Joe Pantoliano
1881,342,Tobey Maguire
1882,342,Charlize Theron
1883,342,Delroy Lindo
1884,342,Paul Rudd
1885,342,Michael Caine
1886,342,Jane Alexander
1887,342,Kathy Baker
1888,342,Kieran Culkin
1889,342,Heavy D
1890,342,Kate Nelligan
1891,342,Erykah Badu
1892,343,Jim Broadbent
1893,343,Allan Corduner
1894,343,Timothy Spall
1895,343,Lesley Manville
1896,343,Ron Cook
1897,344,Johnny Depp
1898,344,Christina Ricci
1899,344,Miranda Richardson
1900,344,Michael Gambon
1901,344,Casper Van Dien
1902,344,Jeffrey Jones
1903,345,Hilary Swank
1904,345,Chloë Sevigny
1905,345,Peter Sarsgaard
1906,345,Brendan Sexton III
1907,345,Alicia Goranson
1908,345,Jeannetta Arnette
1909,345,Matt McGrath
1910,346,Tony Goldwyn
1911,346,Minnie Driver
1912,346,Glenn Close
1913,346,Alex D. Linz
1914,346,Rosie O'Donnell
1915,346,Brian Blessed
1916,346,Nigel Hawthorne
1917,346,Lance Henriksen
1918,346,Wayne Knight
1919,346,Taylor Dempsey
1920,347,Sin datos
1921,348,Carlo Cecchi
1922,348,Irene Grazioli
1923,348,Jean-Luc Bideau
1924,348,Greta Scacchi
1925,348,Jason Flemyng
1926,348,Sylvia Chang
1927,348,Colm Feore
1928,348,Don McKellar
1929,348,Samuel L. Jackson
1930,349,Sin datos
1931,350,Helen Stenborg
1932,350,Patricia Dunnock
1933,351,Paul Hungerford
1934,351,Dan Keplinger
1935,352,Winona Ryder
1936,352,Angelina Jolie
1937,352,Clea DuVall
1938,352,Brittany Murphy
1939,352,Elisabeth Moss
1940,352,Jared Leto
1941,352,Jeffrey Tambor
1942,352,Vanessa Redgrave
1943,352,Whoopi Goldberg
1944,353,Cecilia Roth
1945,353,Marisa Paredes
1946,353,Candela Peña
1947,353,Antonia San Juan
1948,353,Penélope Cruz
1949,353,Rosa Maria Sardà
1950,353,Fernando Fernán Gómez
1951,353,Fernando Guillén
1952,353,Toni Cantó
1953,353,Eloy Azorín
1954,353,Carlos Lozano
1955,354,Gwyneth Paltrow
1956,354,Joseph Fiennes
1957,354,Geoffrey Rush
1958,354,Colin Firth
1959,354,Ben Affleck
1960,354,Judi Dench
1961,354,Simon Callow
1962,354,Jim Carter
1963,354,Martin Clunes
1964,354,Antony Sher
1965,354,Imelda Staunton
1966,354,Tom Wilkinson
1967,354,Mark Williams
1968,355,Tom Hanks
1969,355,Edward Burns
1970,355,Matt Damon
1971,355,Tom Sizemore
1972,356,Roberto Benigni
1973,356,Nicoletta Braschi
1974,357,Cate Blanchett
1975,357,Geoffrey Rush
1976,357,Christopher Eccleston
1977,357,Joseph Fiennes
1978,357,John Gielgud
1979,357,Richard Attenborough
1980,358,Ian McKellen
1981,358,Brendan Fraser
1982,358,Lynn Redgrave
1983,358,Lolita Davidovich
1984,359,Val Kilmer
1985,359,Ralph Fiennes
1986,359,Michelle Pfeiffer
1987,359,Sandra Bullock
1988,359,Jeff Goldblum
1989,359,Danny Glover
1990,359,Patrick Stewart
1991,359,Helen Mirren
1992,359,Steve Martin
1993,359,Martin Short
1994,360,Nick Nolte
1995,360,Sissy Spacek
1996,360,James Coburn
1997,360,Willem Dafoe
1998,361,Robin Williams
1999,361,Cuba Gooding Jr.
2000,361,Annabella Sciorra
2001,361,Max von Sydow
2002,362,Sin datos
2003,363,Sin datos
2004,364,Ulrich Thomsen
2005,365,Sin datos
2006,366,Leonardo DiCaprio
2007,366,Kate Winslet
2008,366,Billy Zane
2009,366,Kathy Bates
2010,366,Frances Fisher
2011,366,Bernard Hill
2012,366,Jonathan Hyde
2013,366,Danny Nucci
2014,366,David Warner
2015,366,Bill Paxton
2016,367,Robin Williams
2017,367,Matt Damon
2018,367,Ben Affleck
2019,367,Stellan Skarsgård
2020,367,Minnie Driver
2021,368,Kevin Spacey
2022,368,Russell Crowe
2023,368,Guy Pearce
2024,368,James Cromwell
2025,368,David Strathairn
2026,368,Kim Basinger
2027,368,Danny DeVito
2028,369,Jack Nicholson
2029,369,Helen Hunt
2030,369,Greg Kinnear
2031,369,Cuba Gooding Jr.
2032,369,Skeet Ulrich
2033,369,Shirley Knight
2034,370,Robert Carlyle
2035,370,Tom Wilkinson
2036,370,Mark Addy
2037,371,Tommy Lee Jones
2038,371,Will Smith
2039,371,Linda Fiorentino
2040,371,Vincent D'Onofrio
2041,371,Rip Torn
2042,372,Chris Tashima
2043,372,Susan Fukuda
2044,372,Diana Georger
2045,372,Lawrence Craig
2046,373,Jan Decleir
2047,373,Fedja van Huêt
2048,373,Betty Schuurman
2049,373,Tamar van den Dop
2050,373,Victor Löw
2051,373,Hans Kesting
2052,374,Bob Peterson
2053,375,Donna Dewey
2054,376,Sin datos
2055,377,Ralph Fiennes
2056,377,Juliette Binoche
2057,377,Willem Dafoe
2058,377,Kristin Scott Thomas
2059,377,Naveen Andrews
2060,377,Colin Firth
2061,377,Julian Wadham
2062,377,Jürgen Prochnow
2063,378,Frances McDormand
2064,378,William H. Macy
2065,378,Steve Buscemi
2066,378,Harve Presnell
2067,378,Peter Stormare
2068,379,Armin Mueller-Stahl
2069,379,Noah Taylor
2070,379,Geoffrey Rush
2071,379,Lynn Redgrave
2072,379,John Gielgud
2073,380,Madonna
2074,380,Antonio Banderas
2075,380,Jonathan Pryce
2076,380,Jimmy Nail
2077,381,Tom Cruise
2078,381,Cuba Gooding Jr.
2079,381,Renée Zellweger
2080,381,Kelly Preston
2081,381,Jerry O'Connell
2082,381,Jay Mohr
2083,381,Bonnie Hunt
2084,381,Regina King
2085,382,Will Smith
2086,382,Bill Pullman
2087,382,Jeff Goldblum
2088,382,Mary McDonnell
2089,382,Judd Hirsch
2090,382,Margaret Colin
2091,382,Randy Quaid
2092,382,Robert Loggia
2093,382,James Rebhorn
2094,382,Harvey Fierstein
2095,383,Gwyneth Paltrow
2096,383,Toni Collette
2097,383,Alan Cumming
2098,383,Ewan McGregor
2099,383,Jeremy Northam
2100,383,Greta Scacchi
2101,383,Juliet Stevenson
2102,383,Polly Walker
2103,384,Billy Bob Thornton
2104,384,Dwight Yoakam
2105,384,J. T. Walsh
2106,384,John Ritter
2107,384,Lucas Black
2108,384,Natalie Canerday
2109,384,Robert Duvall
2110,385,Michael Douglas
2111,385,Val Kilmer
2112,386,Andrey Khalimon
2113,387,Eddie Murphy
2114,387,Jada Pinkett
2115,387,James Coburn
2116,387,Dave Chappelle
2117,388,Sin datos
2118,389,Muhammad Ali
2119,389,George Foreman
2120,389,James Brown
2121,389,B.B. King
2122,389,Norman Mailer
2123,389,George Plimpton
2124,389,Spike Lee
2125,389,The Crusaders
2126,389,The Spinners
2127,390,
2128,391,Bebe Neuwirth
2129,391,Bruce Altman
2130,392,Mel Gibson
2131,392,Sophie Marceau
2132,392,Patrick McGoohan
2133,392,Catherine McCormack
2134,393,Tom Hanks
2135,393,Kevin Bacon
2136,393,Bill Paxton
2137,393,Gary Sinise
2138,393,Ed Harris
2139,393,Kathleen Quinlan
2140,394,Joe Baker
2141,394,Christian Bale
2142,394,Irene Bedard
2143,394,Billy Connolly
2144,394,James Apaumut Fall
2145,394,Mel Gibson
2146,394,Linda Hunt
2147,394,John Kassir
2148,394,Judy Kuhn
2149,394,Danny Mann
2150,394,Russell Means
2151,394,David Ogden Stiers
2152,394,Michelle St. John
2153,394,Gordon Tootoosis
2154,394,Frank Welker
2155,395,Stephen Baldwin
2156,395,Gabriel Byrne
2157,395,Chazz Palminteri
2158,395,Kevin Pollak
2159,395,Pete Postlethwaite
2160,395,Kevin Spacey
2161,395,Suzy Amis
2162,395,Benicio del Toro
2163,395,Giancarlo Esposito
2164,396,Robert Downey Jr.
2165,396,Sam Neill
2166,396,Meg Ryan
2167,396,David Thewlis
2168,396,Polly Walker
2169,396,Ian McKellen
2170,396,Hugh Grant
2171,397,James Cromwell
2172,397,Magda Szubanski
2173,398,Emma Thompson
2174,398,Alan Rickman
2175,398,Kate Winslet
2176,398,Hugh Grant
2177,399,Massimo Troisi
2178,399,Philippe Noiret
2179,399,Maria Grazia Cucinotta
2180,400,Susan Sarandon
2181,400,Sean Penn
2182,400,Robert Prosky
2183,400,Raymond J. Barry
2184,400,R. Lee Ermey
2185,400,Scott Wilson
2186,401,Nicolas Cage
2187,401,Elisabeth Shue
2188,401,Julian Sands
2189,402,F. Murray Abraham
2190,402,Woody Allen
2191,402,Claire Bloom
2192,402,Helena Bonham Carter
2193,402,Olympia Dukakis
2194,402,Michael Rapaport
2195,402,Mira Sorvino
2196,402,David Ogden Stiers
2197,402,Jack Warden
2198,402,Peter Weller
2199,403,Glenn Close
2200,404,Peter Sallis
2201,404,Anne Reid
2202,405,Danny Aiello
2203,405,Christine Lahti
2204,405,Nancy Travis
2205,406,Gerda Weissmann
2206,407,Willeke van Ammelrooy
2207,407,Els Dottermans
2208,407,Jan Decleir
2209,407,Marina de Graaf
2210,407,Mil Seghers
2211,408,Tom Hanks
2212,408,Tim Allen
2213,408,Don Rickles
2214,408,Jim Varney
2215,408,Wallace Shawn
2216,408,John Ratzenberger
2217,408,Annie Potts
2218,408,John Morris
2219,408,Erik von Detten
2220,409,Tom Hanks
2221,409,Robin Wright
2222,409,Gary Sinise
2223,409,Mykelti Williamson
2224,409,Sally Field
2225,410,Jonathan Taylor Thomas
2226,410,Matthew Broderick
2227,410,James Earl Jones
2228,410,Jeremy Irons
2229,410,Moira Kelly
2230,410,Ernie Sabella
2231,410,Nathan Lane
2232,410,Robert Guillaume
2233,410,Rowan Atkinson
2234,410,Whoopi Goldberg
2235,410,Cheech Marin
2236,410,Jim Cummings
2237,410,Madge Sinclair
2238,411,Keanu Reeves
2239,411,Dennis Hopper
2240,411,Sandra Bullock
2241,411,Joe Morton
2242,411,Jeff Daniels
2243,412,Johnny Depp
2244,412,Martin Landau
2245,412,Sarah Jessica Parker
2246,412,Patricia Arquette
2247,412,Jeffrey Jones
2248,412,Bill Murray
2249,413,John Travolta
2250,413,Samuel L. Jackson
2251,413,Uma Thurman
2252,413,Harvey Keitel
2253,413,Tim Roth
2254,413,Amanda Plummer
2255,413,Maria de Medeiros
2256,413,Ving Rhames
2257,413,Eric Stoltz
2258,413,Rosanna Arquette
2259,413,Christopher Walken
2260,413,Bruce Willis
2261,414,Jim Broadbent
2262,414,John Cusack
2263,414,Harvey Fierstein
2264,414,Chazz Palminteri
2265,414,Mary-Louise Parker
2266,414,Rob Reiner
2267,414,Jennifer Tilly
2268,414,Tracey Ullman
2269,414,Joe Viterelli
2270,414,Jack Warden
2271,414,Dianne Wiest
2272,415,Nigel Hawthorne
2273,415,Helen Mirren
2274,415,Ian Holm
2275,415,Amanda Donohoe
2276,415,Rupert Graves
2277,415,Rupert Everett
2278,416,Brad Pitt
2279,416,Anthony Hopkins
2280,416,Aidan Quinn
2281,416,Julia Ormond
2282,416,Henry Thomas
2283,417,Sin datos
2284,418,
2285,419,Sin datos
2286,420,Oleg Menshikov
2287,420,Nikita Mikhalkov
2288,420,Ingeborga Dapkūnaitė
2289,420,Nadezhda Mikhalkova
2290,421,Brett Barsky
2291,422,Terence Stamp
2292,422,Hugo Weaving
2293,422,Guy Pearce
2294,422,Bill Hunter
2295,423,Andy Hamilton
2296,423,Alison Snowden
2297,423,Harry Enfield
2298,423,Andrew Mac
2299,423,Lachlan Tessa
2300,423,Wojiczak Sally
2301,424,Jessica Lange
2302,424,Tommy Lee Jones
2303,424,Powers Boothe
2304,424,Carrie Snodgress
2305,424,Amy Locane
2306,424,Chris O'Donnell
2307,425,Liam Neeson
2308,425,Ben Kingsley
2309,425,Ralph Fiennes
2310,425,Caroline Goodall
2311,425,Jonathan Sagall
2312,425,Embeth Davidtz
2313,426,Holly Hunter
2314,426,Harvey Keitel
2315,426,Sam Neill
2316,426,Anna Paquin
2317,426,Kerry Walker
2318,426,Genevieve Lemon
2319,427,Sam Neill
2320,427,Laura Dern
2321,427,Jeff Goldblum
2322,427,Richard Attenborough
2323,427,Bob Peck
2324,427,Martin Ferrero
2325,427,BD Wong
2326,427,Samuel L. Jackson
2327,427,Wayne Knight
2328,427,Joseph Mazzello
2329,427,Ariana Richards
2330,428,Tom Hanks
2331,428,Denzel Washington
2332,428,Jason Robards
2333,428,Mary Steenburgen
2334,428,Antonio Banderas
2335,429,Harrison Ford
2336,429,Tommy Lee Jones
2337,429,Sela Ward
2338,429,Joe Pantoliano
2339,429,Andreas Katsulas
2340,429,Jeroen Krabbé
2341,430,Daniel Day-Lewis
2342,430,Michelle Pfeiffer
2343,430,Winona Ryder
2344,431,Peter Sallis
2345,432,Jorge Sanz
2346,432,Fernando Fern
2347,432,Ariadna Gil
2348,432,Maribel Verd
2349,433,Sin datos
2350,434,Robin Williams
2351,434,Sally Field
2352,434,Pierce Brosnan
2353,434,Harvey Fierstein
2354,434,Robert Prosky
2355,435,Senta Moira
2356,435,Paul Outlaw
2357,435,Stefan Merki
2358,435,Klaus Tilsner
2359,436,Sin datos
2360,437,Clint Eastwood
2361,437,Gene Hackman
2362,437,Morgan Freeman
2363,437,Richard Harris
2364,438,Anthony Hopkins
2365,438,Vanessa Redgrave
2366,438,Helena Bonham Carter
2367,438,Emma Thompson
2368,438,James Wilby
2369,438,Samuel West
2370,438,Jemma Redgrave
2371,438,Prunella Scales
2372,439,Gary Oldman
2373,439,Winona Ryder
2374,439,Anthony Hopkins
2375,439,Keanu Reeves
2376,440,Scott Weinger
2377,440,Robin Williams
2378,440,Linda Larkin
2379,440,Jonathan Freeman
2380,440,Frank Welker
2381,440,Gilbert Gottfried
2382,440,Douglas Seale
2383,441,Stephen Rea
2384,441,Miranda Richardson
2385,441,Jaye Davidson
2386,441,Forest Whitaker
2387,442,Al Pacino
2388,442,Chris O'Donnell
2389,443,Craig Sheffer
2390,443,Brad Pitt
2391,443,Tom Skerritt
2392,443,Brenda Blethyn
2393,443,Emily Lloyd
2394,444,Catherine Deneuve
2395,444,Linh Dan
2396,444,Jean Yanne
2397,445,Joe Pesci
2398,445,Ralph Macchio
2399,445,Marisa Tomei
2400,445,Mitchell Whitfield
2401,445,Fred Gwynne
2402,446,Sin datos
2403,447,Judy Gwazdauskas
2404,447,Peter Gwazdauskas
2405,448,Daniel Day-Lewis
2406,448,Madeleine Stowe
2407,448,Jodhi May
2408,449,Meryl Streep
2409,449,Goldie Hawn
2410,449,Bruce Willis
2411,449,Isabella Rossellini
2412,450,Daniel Rialet
2413,450,Jacques Martial
2414,451,
2415,452,Jodie Foster
2416,452,Anthony Hopkins
2417,452,Scott Glenn
2418,452,Ted Levine
2419,453,Arnold Schwarzenegger
2420,453,Linda Hamilton
2421,453,Robert Patrick
2422,454,Warren Beatty
2423,454,Annette Bening
2424,454,Harvey Keitel
2425,454,Ben Kingsley
2426,454,Joe Mantegna
2427,455,Kevin Costner
2428,455,Kevin Bacon
2429,455,Tommy Lee Jones
2430,455,Laurie Metcalf
2431,455,Gary Oldman
2432,455,Michael Rooker
2433,455,Jay O. Sanders
2434,455,Sissy Spacek
2435,456,Paige O'Hara
2436,456,Robby Benson
2437,456,Richard White
2438,456,Jerry Orbach
2439,456,David Ogden Stiers
2440,456,Angela Lansbury
2441,456,Rex Everhart
2442,456,Jesse Corti
2443,457,Susan Sarandon
2444,457,Geena Davis
2445,457,Harvey Keitel
2446,458,Robin Williams
2447,458,Jeff Bridges
2448,458,Amanda Plummer
2449,458,Mercedes Ruehl
2450,459,Sin datos
2451,460,Sin datos
2452,461,Diego Abatantuono
2453,461,Claudio Bigagli
2454,461,Giuseppe Cederna
2455,461,Claudio Bisio
2456,462,James Remar
2457,463,Billy Crystal
2458,463,Daniel Stern
2459,463,Bruno Kirby
2460,463,Patricia Wettig
2461,463,Helen Slater
2462,463,Jack Palance
2463,464,Sin datos
2464,465,Kevin Costner
2465,465,Mary McDonnell
2466,465,Graham Greene
2467,465,Rodney Grant
2468,466,Warren Beatty
2469,466,Al Pacino
2470,466,Madonna Glenne
2471,466,Headly Charlie
2472,467,Patrick Swayze
2473,467,Demi Moore
2474,467,Whoopi Goldberg
2475,468,Robert De Niro
2476,468,Ray Liotta
2477,468,Joe Pesci
2478,468,Lorraine Bracco
2479,468,Paul Sorvino
2480,469,Sean Connery
2481,469,Alec Baldwin
2482,469,Scott Glenn
2483,469,James Earl Jones
2484,469,Sam Neill
2485,470,Glenn Close
2486,470,Jeremy Irons
2487,470,Ron Silver
2488,471,
2489,472,Sin datos
2490,473,Necmettin Cobanoglu
2491,473,Nur Sürer
2492,473,Emin Sivas
2493,473,Yaman Okay
2494,473,Mathias Gnädinger
2495,473,Dietmar Schönherr
2496,474,Sin datos
2497,475,Sin datos
2498,476,Paul Sarnoff
2499,476,Scotty Bloch
2500,477,James Caan
2501,477,Kathy Bates
2502,477,Frances Sternhagen
2503,477,Richard Farnsworth
2504,477,Lauren Bacall
2505,478,Arnold Schwarzenegger
2506,478,Rachel Ticotin
2507,478,Sharon Stone
2508,478,Michael Ironside
2509,478,Ronny Cox
2510,479,Morgan Freeman
2511,479,Jessica Tandy
2512,479,Dan Aykroyd
2513,479,Patti LuPone
2514,479,Esther Rolle
2515,480,Matthew Broderick
2516,480,Denzel Washington
2517,480,Cary Elwes
2518,480,Morgan Freeman
2519,481,Tom Cruise
2520,481,Kyra Sedgwick
2521,481,Raymond J. Barry
2522,481,Jerry Levine
2523,481,Frank Whaley
2524,481,Willem Dafoe
2525,482,Daniel Day-Lewis
2526,482,Ray McAnally
2527,482,Brenda Fricker
2528,482,Cyril Cusack
2529,482,Fiona Shaw
2530,482,Hugh O'Conor
2531,482,Adrian Dunbar
2532,482,Ruth McCabe
2533,482,Alison Whelan
2534,483,Jodi Benson
2535,483,Christopher Daniel Barnes
2536,483,Pat Carroll
2537,483,Kenneth Mars
2538,483,Samuel E. Wright
2539,483,Jason Marin
2540,483,Buddy Hackett
2541,484,Robin Williams
2542,485,Ed Harris
2543,485,Mary Elizabeth Mastrantonio
2544,485,Michael Biehn
2545,486,Harrison Ford
2546,486,Denholm Elliott
2547,486,Alison Doody
2548,486,John Rhys-Davies
2549,486,Julian Glover
2550,486,Sean Connery
2551,487,Kenneth Branagh
2552,487,Paul Scofield
2553,487,Derek Jacobi
2554,487,Ian Holm
2555,487,Brian Blessed
2556,487,Emma Thompson
2557,487,Alec McCowen
2558,487,Judi Dench
2559,487,Christian Bale
2560,488,Len Cariou
2561,488,David Mccullough
2562,489,Sin datos
2563,490,Philippe Noiret
2564,490,Jacques Perrin
2565,490,Antonella Attili
2566,490,Pupella Maggio
2567,490,Salvatore Cascio
2568,490,Marco Leonardi
2569,491,Lenny Henry
2570,491,Kathy Burke
2571,492,Jack Nicholson
2572,492,Michael Keaton
2573,492,Kim Basinger
2574,492,Robert Wuhl
2575,492,Pat Hingle
2576,492,Billy Dee Williams
2577,492,Michael Gough
2578,492,Jack Palance
2579,493,Sin datos
2580,494,Dustin Hoffman
2581,494,Tom Cruise
2582,494,Valeria Golino
2583,495,Glenn Close
2584,495,John Malkovich
2585,495,Michelle Pfeiffer
2586,495,Uma Thurman
2587,495,Swoosie Kurtz
2588,495,Keanu Reeves
2589,495,Mildred Natwick
2590,496,Bob Hoskins
2591,496,Christopher Lloyd
2592,496,Charles Fleischer
2593,496,Stubby Kaye
2594,496,Joanna Cassidy
2595,497,Gene Hackman
2596,497,Willem Dafoe
2597,498,Harrison Ford
2598,498,Sigourney Weaver
2599,498,Melanie Griffith
2600,499,William Hurt
2601,499,Kathleen Turner
2602,499,Geena Davis
2603,500,John Cleese
2604,500,Jamie Lee Curtis
2605,500,Kevin Kline
2606,500,Michael Palin
2607,501,Pelle Hvenegaard
2608,501,Erik Paaske
2609,502,Kelly McGillis
2610,502,Jodie Foster
2611,503,Steven Wright
2612,503,Rowan Atkinson
2613,503,Laurie Metcalf
2614,504,Alec Baldwin
2615,504,Geena Davis
2616,504,Jeffrey Jones
2617,504,Catherine O'Hara
2618,504,Winona Ryder
2619,504,Michael Keaton
2620,505,Forest Whitaker
2621,505,Diane Venora
2622,506,Sin datos
2623,507,Rubén Blades
2624,507,Richard Bradford
2625,507,Sônia Braga
2626,507,Julie Carmen
2627,507,James Gammon
2628,507,Melanie Griffith
2629,507,John Heard
2630,507,Carlos Riquelme
2631,507,Daniel Stern
2632,507,Christopher Walken
2633,507,Chick Vennera
2634,508,Sin datos
2635,509,Jason Gaes
2636,510,John Lone
2637,510,Joan Chen
2638,510,Peter O'Toole
2639,510,Ying Ruocheng
2640,510,Victor Wong
2641,510,Dennis Dun
2642,510,Vivian Wu
2643,510,Ryuichi Sakamoto
2644,511,Cher
2645,511,Nicolas Cage
2646,511,Vincent Gardenia
2647,511,Olympia Dukakis
2648,511,Danny Aiello
2649,512,Kevin Costner
2650,512,Charles Martin Smith
2651,512,Andy García
2652,512,Robert De Niro
2653,512,Sean Connery
2654,513,Stephane Audran
2655,513,Birgitte Federspiel
2656,513,Bodil Kjer
2657,514,Patrick Swayze
2658,514,Jennifer Grey
2659,514,Jerry Orbach
2660,514,Cynthia Rhodes
2661,515,John Lithgow
2662,515,Melinda Dillon
2663,515,Don Ameche
2664,515,David Suchet
2665,515,Margaret Langrick
2666,515,Joshua Rudoy
2667,515,Lainie Kazan
2668,515,Kevin Peter Hall
2669,516,Dennis Quaid
2670,516,Martin Short
2671,516,Meg Ryan
2672,516,Kevin McCarthy
2673,517,Sin datos
2674,518,John Achorn
2675,518,Tim Choate
2676,519,Sin datos
2677,520,Michael Douglas
2678,520,Charlie Sheen
2679,520,Daryl Hannah
2680,520,Martin Sheen
2681,520,Hal Holbrook
2682,520,Terence Stamp
2683,521,Louis Gothelf
2684,521,Reva Shwayder
2685,522,Peter Weller
2686,522,Nancy Allen
2687,522,Daniel O'Herlihy
2688,522,Ronny Cox
2689,522,Kurtwood Smith
2690,522,Miguel Ferrer
2691,523,Tom Berenger
2692,523,Willem Dafoe
2693,523,Charlie Sheen
2694,524,Helena Bonham Carter
2695,524,Julian Sands
2696,524,Maggie Smith
2697,524,Denholm Elliott
2698,524,Daniel Day-Lewis
2699,524,Judi Dench
2700,524,Simon Callow
2701,525,Woody Allen
2702,525,Michael Caine
2703,525,Mia Farrow
2704,525,Carrie Fisher
2705,525,Barbara Hershey
2706,525,Lloyd Nolan
2707,525,Maureen O'Sullivan
2708,525,Daniel Stern
2709,525,Max Von Sydow
2710,525,Dianne Wiest
2711,526,Sigourney Weaver
2712,527,Robert De Niro
2713,527,Jeremy Irons
2714,528,William Hurt
2715,528,Marlee Matlin
2716,528,Piper Laurie
2717,528,Philip Bosco
2718,529,Paul Newman
2719,529,Tom Cruise
2720,529,Mary Elizabeth Mastrantonio
2721,529,Helen Shaver
2722,530,Tom Cruise
2723,530,Kelly McGillis
2724,530,Val Kilmer
2725,530,Anthony Edwards
2726,530,Tom Skerritt
2727,531,Dexter Gordon
2728,531,François Cluzet
2729,531,Sandra Reaves-Phillips
2730,531,Lonette McKee
2731,531,Christine Pascal
2732,531,Herbie Hancock
2733,531,John Berry
2734,531,Martin Scorsese
2735,532,Sin datos
2736,533,
2737,534,Sin datos
2738,535,Jeff Goldblum
2739,535,Geena Davis
2740,535,John Getz
2741,536,Sin datos
2742,537,Sin datos
2743,538,Joanne Woodward
2744,539,Robert Redford
2745,539,Meryl Streep
2746,539,Klaus Maria Brandauer
2747,540,Harrison Ford
2748,540,Kelly McGillis
2749,540,Lukas Haas
2750,540,Jan Rubeš
2751,540,Danny Glover
2752,540,Josef Sommer
2753,541,Don Ameche
2754,541,Wilford Brimley
2755,541,Hume Cronyn
2756,541,Brian Dennehy
2757,541,Jack Gilford
2758,541,Steve Guttenberg
2759,541,Maureen Stapleton
2760,541,Jessica Tandy
2761,541,Gwen Verdon
2762,541,Herta Ware
2763,541,Tahnee Welch
2764,542,Jack Nicholson
2765,542,Kathleen Turner
2766,542,Robert Loggia
2767,542,William Hickey
2768,542,John Randolph
2769,542,Anjelica Huston
2770,543,Michael J. Fox
2771,543,Christopher Lloyd
2772,543,Lea Thompson
2773,543,Crispin Glover
2774,544,William Hurt
2775,544,Raul Julia
2776,544,Sônia Braga
2777,545,Tatsuya Nakadai
2778,545,Akira Terao
2779,545,Jinpachi Nezu
2780,545,Daisuke Ryu
2781,545,Mieko Harada
2782,545,Peter
2783,545,Hisashi Igawa
2784,545,Yoshiko Miyazaki
2785,546,Héctor Alterio
2786,546,Norma Aleandro
2787,546,Hugo Arana
2788,546,Guillermo Battaglia
2789,546,Chela Ruiz
2790,546,Patricio Contreras
2791,546,Aníbal Morixe
2792,546,María Luisa Robledo
2793,546,Jorge Petraglia
2794,546,Analía Castro
2795,546,Chunchuna Villafañe
2796,547,Geraldine Page
2797,547,John Heard
2798,547,Carlin Glynn
2799,547,Richard Bradford
2800,547,Rebecca De Mornay
2801,548,Mikhail Baryshnikov
2802,548,Gregory Hines
2803,548,Geraldine Page
2804,548,Helen Mirren
2805,548,Jerzy Skolimowski
2806,548,Isabella Rossellini
2807,549,Tonny Huurdeman
2808,549,Annemieke Ring
2809,549,Peter Ring
2810,550,Laura Nyro
2811,550,Buffy Sainte
2812,551,Cher
2813,551,Sam Elliott
2814,551,Eric Stoltz
2815,551,Laura Dern
2816,552,Lilly Balaban
2817,552,Jessica Bertan
2818,553,Charlie Clements
2819,554,F. Murray Abraham
2820,554,Tom Hulce
2821,554,Elizabeth Berridge
2822,554,Simon Callow
2823,554,Roy Dotrice
2824,554,Christine Ebersole
2825,554,Jeffrey Jones
2826,554,Charles Kay
2827,555,Sam Waterston
2828,555,Haing S. Ngor
2829,555,John Malkovich
2830,555,Julian Sands
2831,556,Peggy Ashcroft
2832,556,Judy Davis
2833,556,James Fox
2834,556,Alec Guinness
2835,556,Nigel Havers
2836,556,Victor Banerjee
2837,556,Roshan Seth
2838,557,Sally Field
2839,557,Lindsay Crouse
2840,557,Ed Harris
2841,557,Amy Madigan
2842,557,John Malkovich
2843,557,Danny Glover
2844,558,Harrison Ford
2845,558,Kate Capshaw
2846,558,Ke Huy Quan
2847,558,Amrish Puri
2848,558,Roshan Seth
2849,558,Philip Stone
2850,559,
2851,560,Michel Piccoli
2852,560,Alexandre Arbatt
2853,560,Liv Ullmann
2854,561,Prince
2855,561,Apollonia Kotero
2856,561,Morris Day
2857,561,Olga Karlatos
2858,561,Clarence Williams III
2859,562,Vincent Palumbo
2860,562,Roger Morigi
2861,563,Sin datos
2862,564,Ed Cesar
2863,564,Erick Mcwayne
2864,565,Gene Wilder
2865,565,Charles Grodin
2866,565,Joseph Bologna
2867,565,Judith Ivey
2868,565,Michael Huddleston
2869,565,Kelly LeBrock
2870,565,Gilda Radner
2871,566,Sissy Spacek
2872,566,Mel Gibson
2873,566,Scott Glenn
2874,567,Debra Winger
2875,567,Shirley MacLaine
2876,567,Jack Nicholson
2877,567,Danny DeVito
2878,567,Jeff Daniels
2879,567,John Lithgow
2880,568,Charles Frank
2881,568,Scott Glenn
2882,568,Ed Harris
2883,568,Lance Henriksen
2884,568,Scott Paulin
2885,568,Dennis Quaid
2886,568,Sam Shepard
2887,568,Fred Ward
2888,568,Kim Stanley
2889,568,Barbara Hershey
2890,568,Veronica Cartwright
2891,568,Pamela Reed
2892,569,Pernilla Allwin
2893,569,Bertil Guve
2894,569,Jan Malmsjö
2895,569,Börje Ahlstedt
2896,569,Anna Bergman
2897,569,Gunn Wållgren
2898,569,Kristina Adolphson
2899,569,Erland Josephson
2900,569,Mats Bergman
2901,569,Jarl Kulle
2902,570,Robert Duvall
2903,570,Tess Harper
2904,570,Betty Buckley
2905,570,Wilford Brimley
2906,570,Ellen Barkin
2907,571,Barbra Streisand
2908,571,Mandy Patinkin
2909,571,Amy Irving
2910,572,Jennifer Beals
2911,572,Michael Nouri
2912,572,Lilia Skala
2913,572,Sunny Johnson
2914,572,Kyle T. Heffner
2915,572,Lee Ving
2916,572,Ron Karabatsos
2917,572,Belinda Bauer
2918,572,Malcolm Danare
2919,572,Phil Bruns
2920,572,Micole Mercurio
2921,573,Ian Heath
2922,573,Megan Follows
2923,574,Susana Robledo
2924,574,Antonio Robledo
2925,575,
2926,576,Scott Record
2927,577,Mel Gibson
2928,577,Sigourney Weaver
2929,577,Bill Kerr
2930,577,Michael Murphy
2931,577,Linda Hunt
2932,577,Noel Ferrier
2933,578,Mark Hamill
2934,578,Harrison Ford
2935,578,Carrie Fisher
2936,578,Billy Dee Williams
2937,578,Anthony Daniels
2938,578,David Prowse
2939,578,Kenny Baker
2940,578,Peter Mayhew
2941,578,Frank Oz
2942,579,Ben Kingsley
2943,579,Candice Bergen
2944,579,Edward Fox
2945,579,John Gielgud
2946,579,Trevor Howard
2947,579,John Mills
2948,579,Martin Sheen
2949,579,Rohini Hattangady
2950,580,Dee Wallace
2951,580,Henry Thomas
2952,580,Peter Coyote
2953,580,Robert MacNaughton
2954,580,Drew Barrymore
2955,581,Richard Gere
2956,581,Debra Winger
2957,581,David Keith
2958,581,Louis Gossett Jr.
2959,582,Dustin Hoffman
2960,582,Jessica Lange
2961,582,Teri Garr
2962,582,Dabney Coleman
2963,582,Charles Durning
2964,583,Julie Andrews
2965,583,James Garner
2966,583,Robert Preston
2967,583,Lesley Ann Warren
2968,583,Alex Karras
2969,584,Meryl Streep
2970,584,Kevin Kline
2971,584,Peter MacNicol
2972,585,Jack Lemmon
2973,585,Sissy Spacek
2974,585,Melanie Mayron
2975,585,John Shea
2976,585,Tina Romero
2977,586,Helen Caldicott
2978,587,Sin datos
2979,588,Rupert Everett
2980,588,Jenny Seagrove
2981,589,Sin datos
2982,590,Antonio Ferrandis
2983,590,Encarna Paso
2984,591,Everett McGill
2985,591,Rae Dawn Chong
2986,591,Ron Perlman
2987,591,Nameer El-Kadi
2988,592,Ben Cross
2989,592,Ian Charleson
2990,592,Nigel Havers
2991,592,Cheryl Campbell
2992,592,Alice Krige
2993,592,Lindsay Anderson
2994,592,Dennis Christopher
2995,592,Nigel Davenport
2996,592,Brad Davis
2997,592,Peter Egan
2998,592,John Gielgud
2999,592,Ian Holm
3000,592,Patrick Magee
3001,593,Harrison Ford
3002,593,Karen Allen
3003,593,Paul Freeman
3004,593,Ronald Lacey
3005,593,John Rhys-Davies
3006,593,Denholm Elliott
3007,594,Warren Beatty
3008,594,Diane Keaton
3009,594,Edward Herrmann
3010,594,Jerzy Kosiński
3011,594,Jack Nicholson
3012,594,Paul Sorvino
3013,594,Maureen Stapleton
3014,595,Katharine Hepburn
3015,595,Henry Fonda
3016,595,Jane Fonda
3017,595,Doug McKeon
3018,595,Dabney Coleman
3019,595,William Lanteau
3020,596,Dudley Moore
3021,596,Liza Minnelli
3022,596,John Gielgud
3023,597,David Naughton
3024,597,Jenny Agutter
3025,597,Griffin Dunne
3026,597,John Woodvine
3027,598,Sin datos
3028,599,Sin datos
3029,600,Sin datos
3030,601,Klaus Maria
3031,601,Krystyna Janda
3032,601,Rolf Hoppe
3033,601,Martin Hellberg
3034,602,Didi Conn
3035,603,Donald Sutherland
3036,603,Mary Tyler
3037,603,Judd Hirsch
3038,603,Timothy Hutton
3039,604,Nastassja Kinski
3040,604,Peter Firth
3041,604,Leigh Lawson
3042,605,Robert De
3043,606,Eddie Barth
3044,606,Irene Cara
3045,606,Lee Curreri
3046,606,Laura Dean
3047,606,Antonia Franceschi
3048,606,Boyd Gaines
3049,606,Albert Hague
3050,606,Tresa Hughes
3051,606,Steve Inwood
3052,606,Paul McCrane
3053,606,Anne Meara
3054,606,Joanna Merlin
3055,606,Barry Miller
3056,606,Jim Moody
3057,606,Gene Anthony Ray
3058,606,Maureen Teefy
3059,607,Paul Le
3060,607,Mary Steenburgen
3061,607,Pamela Reed
3062,607,Jason Robards
3063,608,Sissy Spacek
3064,608,Tommy Lee
3065,608,Levon Helm
3066,609,Mark Hamill
3067,609,Harrison Ford
3068,609,Carrie Fisher
3069,609,Billy Dee Williams
3070,609,Anthony Daniels
3071,609,David Prowse
3072,609,Kenny Baker
3073,609,Peter Mayhew
3074,609,Frank Oz
3075,610,Robert Urquhart
3076,610,Rikki Fulton
3077,611,Sin datos
3078,612,Isaac Stern
3079,612,David Golub
3080,613,Karl Hess
3081,614,Vera Alentova
3082,614,Irina Muravyova
3083,614,Raisa Ryazanova
3084,614,Aleksey Batalov
